<mediawiki xmlns="http://www.mediawiki.org/xml/export-0.10/" xmlns:xsi="http://www.w3.org/2001/XMLSchema-instance" xsi:schemaLocation="http://www.mediawiki.org/xml/export-0.10/ http://www.mediawiki.org/xml/export-0.10.xsd" version="0.10" xml:lang="en-GB">
<siteinfo>
<sitename>By The Sword Linked</sitename>
<dbname>bytheswo_lbcwdb</dbname>
<base>https://www.bytheswordlinked.uk/wiki/Main_Page</base>
<generator>MediaWiki 1.31.1</generator>
<case>first-letter</case>
<namespaces>
<namespace key="-2" case="first-letter">Media</namespace>
<namespace key="-1" case="first-letter">Special</namespace>
<namespace key="0" case="first-letter" />
<namespace key="1" case="first-letter">Talk</namespace>
<namespace key="2" case="first-letter">User</namespace>
<namespace key="3" case="first-letter">User talk</namespace>
<namespace key="4" case="first-letter">Project</namespace>
<namespace key="5" case="first-letter">Project talk</namespace>
<namespace key="6" case="first-letter">File</namespace>
<namespace key="7" case="first-letter">File talk</namespace>
<namespace key="8" case="first-letter">MediaWiki</namespace>
<namespace key="9" case="first-letter">MediaWiki talk</namespace>
<namespace key="10" case="first-letter">Template</namespace>
<namespace key="11" case="first-letter">Template talk</namespace>
<namespace key="12" case="first-letter">Help</namespace>
<namespace key="13" case="first-letter">Help talk</namespace>
<namespace key="14" case="first-letter">Category</namespace>
<namespace key="15" case="first-letter">Category talk</namespace>
<namespace key="102" case="first-letter">Property</namespace>
<namespace key="103" case="first-letter">Property talk</namespace>
<namespace key="106" case="first-letter">Form</namespace>
<namespace key="107" case="first-letter">Form talk</namespace>
<namespace key="108" case="first-letter">Concept</namespace>
<namespace key="109" case="first-letter">Concept talk</namespace>
<namespace key="112" case="first-letter">smw/schema</namespace>
<namespace key="113" case="first-letter">smw/schema talk</namespace>
<namespace key="114" case="first-letter">Rule</namespace>
<namespace key="115" case="first-letter">Rule talk</namespace>
<namespace key="420" case="first-letter">GeoJson</namespace>
<namespace key="421" case="first-letter">GeoJson talk</namespace>
<namespace key="3000" case="first-letter">Locations</namespace>
<namespace key="3001" case="first-letter">Locations talk</namespace>
<namespace key="3002" case="first-letter">Events</namespace>
<namespace key="3003" case="first-letter">Events talk</namespace>
</namespaces>
</siteinfo><page>
<title>Bodleian Library, Add. C. 132</title>
<ns>0</ns>
<revision>
<timestamp>2025-03-27T10:35:00Z</timestamp>
<contributor>
<username>Gavin</username>
<id>1</id>
</contributor>
<comment>Automatically generated</comment>
<text xml:space="preserve">#REDIRECT [[Bodleian Library, MS Add. C. 132]]</text>
<model>wikitext</model>
<format>text/x-wiki</format>
</revision>
</page>
<page>
<title>Bodleian Library, Add. C. 247</title>
<ns>0</ns>
<revision>
<timestamp>2025-03-27T10:35:00Z</timestamp>
<contributor>
<username>Gavin</username>
<id>1</id>
</contributor>
<comment>Automatically generated</comment>
<text xml:space="preserve">#REDIRECT [[Bodleian Library, MS Add. C. 247]]</text>
<model>wikitext</model>
<format>text/x-wiki</format>
</revision>
</page>
<page>
<title>Bodleian Library, Add. D. 114</title>
<ns>0</ns>
<revision>
<timestamp>2025-03-27T10:35:00Z</timestamp>
<contributor>
<username>Gavin</username>
<id>1</id>
</contributor>
<comment>Automatically generated</comment>
<text xml:space="preserve">#REDIRECT [[Bodleian Library, MS Add. D. 114]]</text>
<model>wikitext</model>
<format>text/x-wiki</format>
</revision>
</page>
<page>
<title>Bodleian Library, Ashmole 830</title>
<ns>0</ns>
<revision>
<timestamp>2025-03-27T10:35:00Z</timestamp>
<contributor>
<username>Gavin</username>
<id>1</id>
</contributor>
<comment>Automatically generated</comment>
<text xml:space="preserve">#REDIRECT [[Bodleian Library, MS Ashmole 830]]</text>
<model>wikitext</model>
<format>text/x-wiki</format>
</revision>
</page>
<page>
<title>Bodleian Library, Eng. hist. c. 14</title>
<ns>0</ns>
<revision>
<timestamp>2025-03-27T10:35:00Z</timestamp>
<contributor>
<username>Gavin</username>
<id>1</id>
</contributor>
<comment>Automatically generated</comment>
<text xml:space="preserve">#REDIRECT [[Bodleian Library, MS Eng. hist. c. 14]]</text>
<model>wikitext</model>
<format>text/x-wiki</format>
</revision>
</page>
<page>
<title>Bodleian Library, Eng. hist. c. 244</title>
<ns>0</ns>
<revision>
<timestamp>2025-03-27T10:35:00Z</timestamp>
<contributor>
<username>Gavin</username>
<id>1</id>
</contributor>
<comment>Automatically generated</comment>
<text xml:space="preserve">#REDIRECT [[Bodleian Library, MS Eng. hist. c. 244]]</text>
<model>wikitext</model>
<format>text/x-wiki</format>
</revision>
</page>
<page>
<title>Bodleian Library, Eng. hist. c. 64-65</title>
<ns>0</ns>
<revision>
<timestamp>2025-03-27T10:35:00Z</timestamp>
<contributor>
<username>Gavin</username>
<id>1</id>
</contributor>
<comment>Automatically generated</comment>
<text xml:space="preserve">#REDIRECT [[Bodleian Library, MS Eng. hist. c. 64-65]]</text>
<model>wikitext</model>
<format>text/x-wiki</format>
</revision>
</page>
<page>
<title>Bodleian Library, Eng. lett. c. 196</title>
<ns>0</ns>
<revision>
<timestamp>2025-03-27T10:35:00Z</timestamp>
<contributor>
<username>Gavin</username>
<id>1</id>
</contributor>
<comment>Automatically generated</comment>
<text xml:space="preserve">#REDIRECT [[Bodleian Library, MS Eng. lett. c. 196]]</text>
<model>wikitext</model>
<format>text/x-wiki</format>
</revision>
</page>
<page>
<title>Bodleian Library, Eng. lett. c. 411</title>
<ns>0</ns>
<revision>
<timestamp>2025-03-27T10:35:00Z</timestamp>
<contributor>
<username>Gavin</username>
<id>1</id>
</contributor>
<comment>Automatically generated</comment>
<text xml:space="preserve">#REDIRECT [[Bodleian Library, MS Eng. lett. c. 411]]</text>
<model>wikitext</model>
<format>text/x-wiki</format>
</revision>
</page>
<page>
<title>Bodleian Library, Eng. lett. c. 589</title>
<ns>0</ns>
<revision>
<timestamp>2025-03-27T10:35:00Z</timestamp>
<contributor>
<username>Gavin</username>
<id>1</id>
</contributor>
<comment>Automatically generated</comment>
<text xml:space="preserve">#REDIRECT [[Bodleian Library, MS Eng. lett. c. 589]]</text>
<model>wikitext</model>
<format>text/x-wiki</format>
</revision>
</page>
<page>
<title>Bodleian Library, Eng. lett. c. 589, ff. 75-88</title>
<ns>0</ns>
<revision>
<timestamp>2025-03-27T10:35:00Z</timestamp>
<contributor>
<username>Gavin</username>
<id>1</id>
</contributor>
<comment>Automatically generated</comment>
<text xml:space="preserve">#REDIRECT [[Bodleian Library, MS Eng. lett. c. 589, ff. 75-88]]</text>
<model>wikitext</model>
<format>text/x-wiki</format>
</revision>
</page>
<page>
<title>Bodleian Library, Eng. misc. c. 882</title>
<ns>0</ns>
<revision>
<timestamp>2025-03-27T10:35:00Z</timestamp>
<contributor>
<username>Gavin</username>
<id>1</id>
</contributor>
<comment>Automatically generated</comment>
<text xml:space="preserve">#REDIRECT [[Bodleian Library, MS Eng. misc. c. 882]]</text>
<model>wikitext</model>
<format>text/x-wiki</format>
</revision>
</page>
<page>
<title>Bodleian Library, Eng. misc. e. 13</title>
<ns>0</ns>
<revision>
<timestamp>2025-03-27T10:35:00Z</timestamp>
<contributor>
<username>Gavin</username>
<id>1</id>
</contributor>
<comment>Automatically generated</comment>
<text xml:space="preserve">#REDIRECT [[Bodleian Library, MS Eng. misc. e. 13]]</text>
<model>wikitext</model>
<format>text/x-wiki</format>
</revision>
</page>
<page>
<title>Bodleian Library, Fairfax 32</title>
<ns>0</ns>
<revision>
<timestamp>2025-03-27T10:35:00Z</timestamp>
<contributor>
<username>Gavin</username>
<id>1</id>
</contributor>
<comment>Automatically generated</comment>
<text xml:space="preserve">#REDIRECT [[Bodleian Library, MS Fairfax 32]]</text>
<model>wikitext</model>
<format>text/x-wiki</format>
</revision>
</page>
<page>
<title>Bodleian Library, Firth c.6-8</title>
<ns>0</ns>
<revision>
<timestamp>2025-03-27T10:35:00Z</timestamp>
<contributor>
<username>Gavin</username>
<id>1</id>
</contributor>
<comment>Automatically generated</comment>
<text xml:space="preserve">#REDIRECT [[Bodleian Library, MS Firth c.6-8]]</text>
<model>wikitext</model>
<format>text/x-wiki</format>
</revision>
</page>
<page>
<title>Bodleian Library, Rawlinson A</title>
<ns>0</ns>
<revision>
<timestamp>2025-03-27T10:35:00Z</timestamp>
<contributor>
<username>Gavin</username>
<id>1</id>
</contributor>
<comment>Automatically generated</comment>
<text xml:space="preserve">#REDIRECT [[Bodleian Library, MS Rawlinson A]]</text>
<model>wikitext</model>
<format>text/x-wiki</format>
</revision>
</page>
<page>
<title>Bodleian Library, Rawlinson B</title>
<ns>0</ns>
<revision>
<timestamp>2025-03-27T10:35:00Z</timestamp>
<contributor>
<username>Gavin</username>
<id>1</id>
</contributor>
<comment>Automatically generated</comment>
<text xml:space="preserve">#REDIRECT [[Bodleian Library, MS Rawlinson B]]</text>
<model>wikitext</model>
<format>text/x-wiki</format>
</revision>
</page>
<page>
<title>Bodleian Library, Rawlinson C</title>
<ns>0</ns>
<revision>
<timestamp>2025-03-27T10:35:00Z</timestamp>
<contributor>
<username>Gavin</username>
<id>1</id>
</contributor>
<comment>Automatically generated</comment>
<text xml:space="preserve">#REDIRECT [[Bodleian Library, MS Rawlinson C]]</text>
<model>wikitext</model>
<format>text/x-wiki</format>
</revision>
</page>
<page>
<title>Bodleian Library, Rawlinson D</title>
<ns>0</ns>
<revision>
<timestamp>2025-03-27T10:35:00Z</timestamp>
<contributor>
<username>Gavin</username>
<id>1</id>
</contributor>
<comment>Automatically generated</comment>
<text xml:space="preserve">#REDIRECT [[Bodleian Library, MS Rawlinson D]]</text>
<model>wikitext</model>
<format>text/x-wiki</format>
</revision>
</page>
<page>
<title>Bodleian Library, Top. Bucks. c. 11</title>
<ns>0</ns>
<revision>
<timestamp>2025-03-27T10:35:00Z</timestamp>
<contributor>
<username>Gavin</username>
<id>1</id>
</contributor>
<comment>Automatically generated</comment>
<text xml:space="preserve">#REDIRECT [[Bodleian Library, MS Top. Bucks. c. 11]]</text>
<model>wikitext</model>
<format>text/x-wiki</format>
</revision>
</page>
</mediawiki>