<mediawiki xmlns="http://www.mediawiki.org/xml/export-0.10/" xmlns:xsi="http://www.w3.org/2001/XMLSchema-instance" xsi:schemaLocation="http://www.mediawiki.org/xml/export-0.10/ http://www.mediawiki.org/xml/export-0.10.xsd" version="0.10" xml:lang="en-GB">
<siteinfo>
<sitename>By The Sword Linked</sitename>
<dbname>bytheswo_lbcwdb</dbname>
<base>https://www.bytheswordlinked.uk/wiki/Main_Page</base>
<generator>MediaWiki 1.31.1</generator>
<case>first-letter</case>
<namespaces>
<namespace key="-2" case="first-letter">Media</namespace>
<namespace key="-1" case="first-letter">Special</namespace>
<namespace key="0" case="first-letter" />
<namespace key="1" case="first-letter">Talk</namespace>
<namespace key="2" case="first-letter">User</namespace>
<namespace key="3" case="first-letter">User talk</namespace>
<namespace key="4" case="first-letter">Project</namespace>
<namespace key="5" case="first-letter">Project talk</namespace>
<namespace key="6" case="first-letter">File</namespace>
<namespace key="7" case="first-letter">File talk</namespace>
<namespace key="8" case="first-letter">MediaWiki</namespace>
<namespace key="9" case="first-letter">MediaWiki talk</namespace>
<namespace key="10" case="first-letter">Template</namespace>
<namespace key="11" case="first-letter">Template talk</namespace>
<namespace key="12" case="first-letter">Help</namespace>
<namespace key="13" case="first-letter">Help talk</namespace>
<namespace key="14" case="first-letter">Category</namespace>
<namespace key="15" case="first-letter">Category talk</namespace>
<namespace key="102" case="first-letter">Property</namespace>
<namespace key="103" case="first-letter">Property talk</namespace>
<namespace key="106" case="first-letter">Form</namespace>
<namespace key="107" case="first-letter">Form talk</namespace>
<namespace key="108" case="first-letter">Concept</namespace>
<namespace key="109" case="first-letter">Concept talk</namespace>
<namespace key="112" case="first-letter">smw/schema</namespace>
<namespace key="113" case="first-letter">smw/schema talk</namespace>
<namespace key="114" case="first-letter">Rule</namespace>
<namespace key="115" case="first-letter">Rule talk</namespace>
<namespace key="420" case="first-letter">GeoJson</namespace>
<namespace key="421" case="first-letter">GeoJson talk</namespace>
<namespace key="3000" case="first-letter">Locations</namespace>
<namespace key="3001" case="first-letter">Locations talk</namespace>
<namespace key="3002" case="first-letter">Events</namespace>
<namespace key="3003" case="first-letter">Events talk</namespace>
</namespaces>
</siteinfo><page>
<title>Sidney's Horse Troop, Eastern Association</title>
<ns>0</ns>
<revision>
<timestamp>2025-03-27T10:33:54Z</timestamp>
<contributor>
<username>Gavin</username>
<id>1</id>
</contributor>
<comment>Automatically generated</comment>
<text xml:space="preserve">{{Unit
|Description=Cavalry troop in Eastern Association Army commanded by Algernon Sidney.
|Type=Horse troop
|Show events=No
|Show locations=None
|Parent units={{Command relationship subobject
|Parent unit=Manchester's Horse Regiment, Eastern Association
|Relationship type=Tactical
|Command ref=[[TNA, SP 28/28/3, ff. 208-214]], f. 209v.}}{{Command relationship subobject
|Parent unit=Eastern Association
|Relationship type=Military admin
|Command ref=[[TNA, SP 28/28/3, ff. 208-214]], f. 209v.}}{{Command relationship subobject
|Parent unit=Parliamentarian and Protectorate forces
|Relationship type=Unit allegiance
|Command ref=[[TNA, SP 28/28/3, ff. 208-214]], f. 209v.}}
}}</text>
<model>wikitext</model>
<format>text/x-wiki</format>
</revision>
</page>
<page>
<title>Rich's Horse Troop, Eastern Association</title>
<ns>0</ns>
<revision>
<timestamp>2025-03-27T10:33:54Z</timestamp>
<contributor>
<username>Gavin</username>
<id>1</id>
</contributor>
<comment>Automatically generated</comment>
<text xml:space="preserve">{{Unit
|Description=Cavalry troop in Eastern Association Army commanded by Nathaniel Rich.
|Type=Horse troop
|Show events=No
|Show locations=None
|Parent units={{Command relationship subobject
|Parent unit=Manchester's Horse Regiment, Eastern Association
|Relationship type=Tactical
|Command ref=[[TNA, SP 28/28/3, ff. 208-214]], f. 209v.}}{{Command relationship subobject
|Parent unit=Eastern Association
|Relationship type=Military admin
|Command ref=[[TNA, SP 28/28/3, ff. 208-214]], f. 209v.}}{{Command relationship subobject
|Parent unit=Parliamentarian and Protectorate forces
|Relationship type=Unit allegiance
|Command ref=[[TNA, SP 28/28/3, ff. 208-214]], f. 209v.}}
}}</text>
<model>wikitext</model>
<format>text/x-wiki</format>
</revision>
</page>
<page>
<title>Alford's Horse Troop, Eastern Association</title>
<ns>0</ns>
<revision>
<timestamp>2025-03-27T10:33:54Z</timestamp>
<contributor>
<username>Gavin</username>
<id>1</id>
</contributor>
<comment>Automatically generated</comment>
<text xml:space="preserve">{{Unit
|Description=Cavalry troop in Eastern Association Army commanded by John Alford
|Type=Horse troop
|Show events=No
|Show locations=None
|Parent units={{Command relationship subobject
|Parent unit=Manchester's Horse Regiment, Eastern Association
|Relationship type=Tactical
|Command ref=[[TNA, SP 28/28/3, ff. 208-214]], f. 209v.}}{{Command relationship subobject
|Parent unit=Eastern Association
|Relationship type=Military admin
|Command ref=[[TNA, SP 28/28/3, ff. 208-214]], f. 209v.}}{{Command relationship subobject
|Parent unit=Parliamentarian and Protectorate forces
|Relationship type=Unit allegiance
|Command ref=[[TNA, SP 28/28/3, ff. 208-214]], f. 209v.}}
}}</text>
<model>wikitext</model>
<format>text/x-wiki</format>
</revision>
</page>
<page>
<title>Dingley's Horse Troop, Eastern Association</title>
<ns>0</ns>
<revision>
<timestamp>2025-03-27T10:33:54Z</timestamp>
<contributor>
<username>Gavin</username>
<id>1</id>
</contributor>
<comment>Automatically generated</comment>
<text xml:space="preserve">{{Unit
|Description=Cavalry troop in Eastern Association Army commanded by William Dingley.
|Type=Horse troop
|Show events=No
|Show locations=None
|Parent units={{Command relationship subobject
|Parent unit=Manchester's Horse Regiment, Eastern Association
|Relationship type=Tactical
|Command ref=[[TNA, SP 28/28/3, ff. 208-214]], f. 209v.}}{{Command relationship subobject
|Parent unit=Eastern Association
|Relationship type=Military admin
|Command ref=[[TNA, SP 28/28/3, ff. 208-214]], f. 209v.}}{{Command relationship subobject
|Parent unit=Parliamentarian and Protectorate forces
|Relationship type=Unit allegiance
|Command ref=[[TNA, SP 28/28/3, ff. 208-214]], f. 209v.}}
}}</text>
<model>wikitext</model>
<format>text/x-wiki</format>
</revision>
</page>
<page>
<title>Tomlinson's Horse Troop, Eastern Association</title>
<ns>0</ns>
<revision>
<timestamp>2025-03-27T10:33:54Z</timestamp>
<contributor>
<username>Gavin</username>
<id>1</id>
</contributor>
<comment>Automatically generated</comment>
<text xml:space="preserve">{{Unit
|Description=Cavalry troop in Eastern Association Army commanded by Matthew Tomlinson
|Type=Horse troop
|Show events=No
|Show locations=None
|Parent units={{Command relationship subobject
|Parent unit=Manchester's Horse Regiment, Eastern Association
|Relationship type=Tactical
|Command ref=[[TNA, SP 28/28/3, ff. 208-214]], f. 209v.}}{{Command relationship subobject
|Parent unit=Eastern Association
|Relationship type=Military admin
|Command ref=[[TNA, SP 28/28/3, ff. 208-214]], f. 209v.}}{{Command relationship subobject
|Parent unit=Parliamentarian and Protectorate forces
|Relationship type=Unit allegiance
|Command ref=[[TNA, SP 28/28/3, ff. 208-214]], f. 209v.}}
}}</text>
<model>wikitext</model>
<format>text/x-wiki</format>
</revision>
</page>
<page>
<title>Griffin's Horse Troop, Eastern Association</title>
<ns>0</ns>
<revision>
<timestamp>2025-03-27T10:33:54Z</timestamp>
<contributor>
<username>Gavin</username>
<id>1</id>
</contributor>
<comment>Automatically generated</comment>
<text xml:space="preserve">{{Unit
|Description=Cavalry troop in Eastern Association Army commanded by Richard Griffin
|Type=Horse troop
|Show events=No
|Show locations=None
|Parent units={{Command relationship subobject
|Parent unit=Manchester's Horse Regiment, Eastern Association
|Relationship type=Tactical
|Command ref=[[TNA, SP 28/28/3, ff. 208-214]], f. 209v.}}{{Command relationship subobject
|Parent unit=Eastern Association
|Relationship type=Military admin
|Command ref=[[TNA, SP 28/28/3, ff. 208-214]], f. 209v.}}{{Command relationship subobject
|Parent unit=Parliamentarian and Protectorate forces
|Relationship type=Unit allegiance
|Command ref=[[TNA, SP 28/28/3, ff. 208-214]], f. 209v.}}
}}</text>
<model>wikitext</model>
<format>text/x-wiki</format>
</revision>
</page>
<page>
<title>Nevill's Horse Troop, Eastern Association</title>
<ns>0</ns>
<revision>
<timestamp>2025-03-27T10:33:54Z</timestamp>
<contributor>
<username>Gavin</username>
<id>1</id>
</contributor>
<comment>Automatically generated</comment>
<text xml:space="preserve">{{Unit
|Description=Cavalry troop in Eastern Association Army commanded by Thomas Nevill
|Type=Horse troop
|Show events=No
|Show locations=None
|Parent units={{Command relationship subobject
|Parent unit=Manchester's Horse Regiment, Eastern Association
|Relationship type=Tactical
|Command ref=[[TNA, SP 28/28/3, ff. 208-214]], f. 209v.}}{{Command relationship subobject
|Parent unit=Eastern Association
|Relationship type=Military admin
|Command ref=[[TNA, SP 28/28/3, ff. 208-214]], f. 209v.}}{{Command relationship subobject
|Parent unit=Parliamentarian and Protectorate forces
|Relationship type=Unit allegiance
|Command ref=[[TNA, SP 28/28/3, ff. 208-214]], f. 209v.}}
}}</text>
<model>wikitext</model>
<format>text/x-wiki</format>
</revision>
</page>
<page>
<title>Hammond's Horse Troop, Eastern Association</title>
<ns>0</ns>
<revision>
<timestamp>2025-03-27T10:33:54Z</timestamp>
<contributor>
<username>Gavin</username>
<id>1</id>
</contributor>
<comment>Automatically generated</comment>
<text xml:space="preserve">{{Unit
|Description=Cavalry troop in Eastern Association Army commanded by Thomas Hammond (also Lieutenant-General of Ordnance).
|Type=Horse troop
|Show events=No
|Show locations=None
|Parent units={{Command relationship subobject
|Parent unit=Manchester's Horse Regiment, Eastern Association
|Relationship type=Tactical
|Command ref=[[TNA, SP 28/28/3, ff. 208-214]], f. 209v.}}{{Command relationship subobject
|Parent unit=Eastern Association
|Relationship type=Military admin
|Command ref=[[TNA, SP 28/28/3, ff. 208-214]], f. 209v.}}{{Command relationship subobject
|Parent unit=Parliamentarian and Protectorate forces
|Relationship type=Unit allegiance
|Command ref=[[TNA, SP 28/28/3, ff. 208-214]], f. 209v.}}
}}</text>
<model>wikitext</model>
<format>text/x-wiki</format>
</revision>
</page>
<page>
<title>Walton\Ireton's Horse Troop, Eastern Association</title>
<ns>0</ns>
<revision>
<timestamp>2025-03-27T10:33:54Z</timestamp>
<contributor>
<username>Gavin</username>
<id>1</id>
</contributor>
<comment>Automatically generated</comment>
<text xml:space="preserve">{{Unit
|Description=Cavalry troop in Eastern Association Army commanded by Valentine Walton senior and Thomas Ireton.
|Disambiguation=For Valentine Walton junior's troop, see [[Walton\Packer's Horse Troop, Eastern Association]]. For Henry Ireton's troop, see [[Ireton's Horse Troop (Henry), Eastern Association]].
|Type=Horse troop
|Show events=No
|Show locations=None
|Parent units={{Command relationship subobject
|Parent unit=Manchester's Horse Regiment, Eastern Association
|Relationship type=Tactical
|Command ref=[[TNA, SP 28/28/3, ff. 208-214]], f. 209v.}}{{Command relationship subobject
|Parent unit=Eastern Association
|Relationship type=Military admin
|Command ref=[[TNA, SP 28/28/3, ff. 208-214]], f. 209v.}}{{Command relationship subobject
|Parent unit=Parliamentarian and Protectorate forces
|Relationship type=Unit allegiance
|Command ref=[[TNA, SP 28/28/3, ff. 208-214]], f. 209v.}}
}}</text>
<model>wikitext</model>
<format>text/x-wiki</format>
</revision>
</page>
<page>
<title>Knight's Horse Troop, Eastern Association</title>
<ns>0</ns>
<revision>
<timestamp>2025-03-27T10:33:54Z</timestamp>
<contributor>
<username>Gavin</username>
<id>1</id>
</contributor>
<comment>Automatically generated</comment>
<text xml:space="preserve">{{Unit
|Description=Cavalry troop in Eastern Association Army commanded by Ralph Knight. Composed of reformado officers.
|Type=Horse troop
|Show events=No
|Show locations=None
|Parent units={{Command relationship subobject
|Parent unit=Manchester's Horse Regiment, Eastern Association
|Relationship type=Tactical
|Command ref=[[TNA, SP 28/28/3, ff. 208-214]], f. 209v.}}{{Command relationship subobject
|Parent unit=Eastern Association
|Relationship type=Military admin
|Command ref=[[TNA, SP 28/28/3, ff. 208-214]], f. 209v.}}{{Command relationship subobject
|Parent unit=Parliamentarian and Protectorate forces
|Relationship type=Unit allegiance
|Command ref=[[TNA, SP 28/28/3, ff. 208-214]], f. 209v.}}
}}</text>
<model>wikitext</model>
<format>text/x-wiki</format>
</revision>
</page>
<page>
<title>Dendy's Horse Troop, Eastern Association</title>
<ns>0</ns>
<revision>
<timestamp>2025-03-27T10:33:54Z</timestamp>
<contributor>
<username>Gavin</username>
<id>1</id>
</contributor>
<comment>Automatically generated</comment>
<text xml:space="preserve">{{Unit
|Description=Cavalry troop in Eastern Association Army commanded by Edward Dendy.
|Type=Horse troop
|Show events=No
|Show locations=None
|Parent units={{Command relationship subobject
|Parent unit=Manchester's Horse Regiment, Eastern Association
|Relationship type=Tactical
|Command ref=[[TNA, SP 28/28/3, ff. 208-214]], f. 209v.}}{{Command relationship subobject
|Parent unit=Eastern Association
|Relationship type=Military admin
|Command ref=[[TNA, SP 28/28/3, ff. 208-214]], f. 209v.}}{{Command relationship subobject
|Parent unit=Parliamentarian and Protectorate forces
|Relationship type=Unit allegiance
|Command ref=[[TNA, SP 28/28/3, ff. 208-214]], f. 209v.}}
}}</text>
<model>wikitext</model>
<format>text/x-wiki</format>
</revision>
</page>
<page>
<title>Cromwell's Horse Troop (Oliver senior), Eastern Association</title>
<ns>0</ns>
<revision>
<timestamp>2025-03-27T10:33:54Z</timestamp>
<contributor>
<username>Gavin</username>
<id>1</id>
</contributor>
<comment>Automatically generated</comment>
<text xml:space="preserve">{{Unit
|Description=Cavalry troop in Essex's Army and Eastern Association Army commanded by Oliver Cromwell senior (later Lord Protector).
|Disambiguation=For Oliver Cromwell junior's troop, see [[Browne\Cromwell's Horse Troop, Eastern Association]].
|Type=Horse troop
|Show events=No
|Show locations=None
|Parent units={{Command relationship subobject
|Parent unit=Cromwell's Horse Regiment, Eastern Association
|Relationship type=Tactical
|Command ref=[[TNA, SP 28/28/3, ff. 208-214]], f. 210r.}}{{Command relationship subobject
|Parent unit=Eastern Association
|Relationship type=Military admin
|Command ref=[[TNA, SP 28/28/3, ff. 208-214]], f. 210r.}}{{Command relationship subobject
|Parent unit=Parliamentarian and Protectorate forces
|Relationship type=Unit allegiance
|Command ref=[[TNA, SP 28/28/3, ff. 208-214]], f. 210r.}}
}}</text>
<model>wikitext</model>
<format>text/x-wiki</format>
</revision>
</page>
<page>
<title>Whalley's Horse Troop, Eastern Association</title>
<ns>0</ns>
<revision>
<timestamp>2025-03-27T10:33:54Z</timestamp>
<contributor>
<username>Gavin</username>
<id>1</id>
</contributor>
<comment>Automatically generated</comment>
<text xml:space="preserve">{{Unit
|Description=Cavalry troop in Eastern Association Army commanded by Edward Whalley.
|Type=Horse troop
|Show events=No
|Show locations=None
|Parent units={{Command relationship subobject
|Parent unit=Cromwell's Horse Regiment, Eastern Association
|Relationship type=Tactical
|Command ref=[[TNA, SP 28/28/3, ff. 208-214]], f. 210r.}}{{Command relationship subobject
|Parent unit=Eastern Association
|Relationship type=Military admin
|Command ref=[[TNA, SP 28/28/3, ff. 208-214]], f. 210r.}}{{Command relationship subobject
|Parent unit=Parliamentarian and Protectorate forces
|Relationship type=Unit allegiance
|Command ref=[[TNA, SP 28/28/3, ff. 208-214]], f. 210r.}}
}}</text>
<model>wikitext</model>
<format>text/x-wiki</format>
</revision>
</page>
<page>
<title>Disbrowe's Horse Troop, Eastern Association</title>
<ns>0</ns>
<revision>
<timestamp>2025-03-27T10:33:54Z</timestamp>
<contributor>
<username>Gavin</username>
<id>1</id>
</contributor>
<comment>Automatically generated</comment>
<text xml:space="preserve">{{Unit
|Description=Cavalry troop in Eastern Association Army commanded by John Disbrowe.
|Type=Horse troop
|Show events=No
|Show locations=None
|Parent units={{Command relationship subobject
|Parent unit=Cromwell's Horse Regiment, Eastern Association
|Relationship type=Tactical
|Command ref=[[TNA, SP 28/28/3, ff. 208-214]], f. 210r.}}{{Command relationship subobject
|Parent unit=Eastern Association
|Relationship type=Military admin
|Command ref=[[TNA, SP 28/28/3, ff. 208-214]], f. 210r.}}{{Command relationship subobject
|Parent unit=Parliamentarian and Protectorate forces
|Relationship type=Unit allegiance
|Command ref=[[TNA, SP 28/28/3, ff. 208-214]], f. 210r.}}
}}</text>
<model>wikitext</model>
<format>text/x-wiki</format>
</revision>
</page>
<page>
<title>Browne\Cromwell's Horse Troop, Eastern Association</title>
<ns>0</ns>
<revision>
<timestamp>2025-03-27T10:33:54Z</timestamp>
<contributor>
<username>Gavin</username>
<id>1</id>
</contributor>
<comment>Automatically generated</comment>
<text xml:space="preserve">{{Unit
|Description=Cavalry troop in Eastern Association Army commanded by Oliver Cromwell junior and John Browne.
|Disambiguation=For Oliver Cromwell senior's troop, see [[Cromwell's Horse Troop (Oliver senior), Eastern Association]].
|Type=Horse troop
|Show events=No
|Show locations=None
|Parent units={{Command relationship subobject
|Parent unit=Cromwell's Horse Regiment, Eastern Association
|Relationship type=Tactical
|Command ref=[[TNA, SP 28/28/3, ff. 208-214]], f. 210r.}}{{Command relationship subobject
|Parent unit=Eastern Association
|Relationship type=Military admin
|Command ref=[[TNA, SP 28/28/3, ff. 208-214]], f. 210r.}}{{Command relationship subobject
|Parent unit=Parliamentarian and Protectorate forces
|Relationship type=Unit allegiance
|Command ref=[[TNA, SP 28/28/3, ff. 208-214]], f. 210r.}}
}}</text>
<model>wikitext</model>
<format>text/x-wiki</format>
</revision>
</page>
<page>
<title>Walton\Packer's Horse Troop, Eastern Association</title>
<ns>0</ns>
<revision>
<timestamp>2025-03-27T10:33:54Z</timestamp>
<contributor>
<username>Gavin</username>
<id>1</id>
</contributor>
<comment>Automatically generated</comment>
<text xml:space="preserve">{{Unit
|Description=Cavalry troop in Eastern Association Army commanded by Valentine Walton junior and William Packer.
|Disambiguation=For Valentine Walton senior's troop, see [[Walton\Ireton's Horse Troop, Eastern Association]].
|Type=Horse troop
|Show events=No
|Show locations=None
|Parent units={{Command relationship subobject
|Parent unit=Cromwell's Horse Regiment, Eastern Association
|Relationship type=Tactical
|Command ref=[[TNA, SP 28/28/3, ff. 208-214]], f. 210r.}}{{Command relationship subobject
|Parent unit=Eastern Association
|Relationship type=Military admin
|Command ref=[[TNA, SP 28/28/3, ff. 208-214]], f. 210r.}}{{Command relationship subobject
|Parent unit=Parliamentarian and Protectorate forces
|Relationship type=Unit allegiance
|Command ref=[[TNA, SP 28/28/3, ff. 208-214]], f. 210r.}}
}}</text>
<model>wikitext</model>
<format>text/x-wiki</format>
</revision>
</page>
<page>
<title>Ayers\Berry's Horse Troop, Eastern Association</title>
<ns>0</ns>
<revision>
<timestamp>2025-03-27T10:33:54Z</timestamp>
<contributor>
<username>Gavin</username>
<id>1</id>
</contributor>
<comment>Automatically generated</comment>
<text xml:space="preserve">{{Unit
|Description=Cavalry troop in Eastern Association Army commanded by Captain Ayers and James Berry.
|Type=Horse troop
|Show events=No
|Show locations=None
|Parent units={{Command relationship subobject
|Parent unit=Cromwell's Horse Regiment, Eastern Association
|Relationship type=Tactical
|Command ref=[[TNA, SP 28/28/3, ff. 208-214]], f. 210r.}}{{Command relationship subobject
|Parent unit=Eastern Association
|Relationship type=Military admin
|Command ref=[[TNA, SP 28/28/3, ff. 208-214]], f. 210r.}}{{Command relationship subobject
|Parent unit=Parliamentarian and Protectorate forces
|Relationship type=Unit allegiance
|Command ref=[[TNA, SP 28/28/3, ff. 208-214]], f. 210r.}}
}}</text>
<model>wikitext</model>
<format>text/x-wiki</format>
</revision>
</page>
<page>
<title>Patteson\Horsman's Horse Troop, Eastern Association</title>
<ns>0</ns>
<revision>
<timestamp>2025-03-27T10:33:54Z</timestamp>
<contributor>
<username>Gavin</username>
<id>1</id>
</contributor>
<comment>Automatically generated</comment>
<text xml:space="preserve">{{Unit
|Description=Cavalry troop in Eastern Association Army commanded by Robert Patteson and Robert Horsman.
|Type=Horse troop
|Show events=No
|Show locations=None
|Parent units={{Command relationship subobject
|Parent unit=Cromwell's Horse Regiment, Eastern Association
|Relationship type=Tactical
|Command ref=[[TNA, SP 28/28/3, ff. 208-214]], f. 210r.}}{{Command relationship subobject
|Parent unit=Eastern Association
|Relationship type=Military admin
|Command ref=[[TNA, SP 28/28/3, ff. 208-214]], f. 210r.}}{{Command relationship subobject
|Parent unit=Parliamentarian and Protectorate forces
|Relationship type=Unit allegiance
|Command ref=[[TNA, SP 28/28/3, ff. 208-214]], f. 210r.}}
}}</text>
<model>wikitext</model>
<format>text/x-wiki</format>
</revision>
</page>
<page>
<title>Grove's Horse Troop, Eastern Association</title>
<ns>0</ns>
<revision>
<timestamp>2025-03-27T10:33:54Z</timestamp>
<contributor>
<username>Gavin</username>
<id>1</id>
</contributor>
<comment>Automatically generated</comment>
<text xml:space="preserve">{{Unit
|Description=Cavalry troop in Eastern Association Army commanded by John Grove.
|Type=Horse troop
|Show events=No
|Show locations=None
|Parent units={{Command relationship subobject
|Parent unit=Cromwell's Horse Regiment, Eastern Association
|Relationship type=Tactical
|Command ref=[[TNA, SP 28/28/3, ff. 208-214]], f. 210r.}}{{Command relationship subobject
|Parent unit=Eastern Association
|Relationship type=Military admin
|Command ref=[[TNA, SP 28/28/3, ff. 208-214]], f. 210r.}}{{Command relationship subobject
|Parent unit=Parliamentarian and Protectorate forces
|Relationship type=Unit allegiance
|Command ref=[[TNA, SP 28/28/3, ff. 208-214]], f. 210r.}}
}}</text>
<model>wikitext</model>
<format>text/x-wiki</format>
</revision>
</page>
<page>
<title>Porter's Horse Troop, Eastern Association</title>
<ns>0</ns>
<revision>
<timestamp>2025-03-27T10:33:54Z</timestamp>
<contributor>
<username>Gavin</username>
<id>1</id>
</contributor>
<comment>Automatically generated</comment>
<text xml:space="preserve">{{Unit
|Description=Cavalry troop in Eastern Association Army commanded by Samuel Porter.
|Type=Horse troop
|Show events=No
|Show locations=None
|Parent units={{Command relationship subobject
|Parent unit=Cromwell's Horse Regiment, Eastern Association
|Relationship type=Tactical
|Command ref=[[TNA, SP 28/28/3, ff. 208-214]], f. 210r.}}{{Command relationship subobject
|Parent unit=Eastern Association
|Relationship type=Military admin
|Command ref=[[TNA, SP 28/28/3, ff. 208-214]], f. 210r.}}{{Command relationship subobject
|Parent unit=Parliamentarian and Protectorate forces
|Relationship type=Unit allegiance
|Command ref=[[TNA, SP 28/28/3, ff. 208-214]], f. 210r.}}
}}</text>
<model>wikitext</model>
<format>text/x-wiki</format>
</revision>
</page>
<page>
<title>Laurence's Horse Troop, Eastern Association</title>
<ns>0</ns>
<revision>
<timestamp>2025-03-27T10:33:54Z</timestamp>
<contributor>
<username>Gavin</username>
<id>1</id>
</contributor>
<comment>Automatically generated</comment>
<text xml:space="preserve">{{Unit
|Description=Cavalry troop in Eastern Association Army commanded by Adam Laurence.
|Type=Horse troop
|Show events=No
|Show locations=None
|Parent units={{Command relationship subobject
|Parent unit=Cromwell's Horse Regiment, Eastern Association
|Relationship type=Tactical
|Command ref=[[TNA, SP 28/28/3, ff. 208-214]], f. 210r.}}{{Command relationship subobject
|Parent unit=Eastern Association
|Relationship type=Military admin
|Command ref=[[TNA, SP 28/28/3, ff. 208-214]], f. 210r.}}{{Command relationship subobject
|Parent unit=Parliamentarian and Protectorate forces
|Relationship type=Unit allegiance
|Command ref=[[TNA, SP 28/28/3, ff. 208-214]], f. 210r.}}
}}</text>
<model>wikitext</model>
<format>text/x-wiki</format>
</revision>
</page>
<page>
<title>Swallow's Horse Troop, Eastern Association</title>
<ns>0</ns>
<revision>
<timestamp>2025-03-27T10:33:54Z</timestamp>
<contributor>
<username>Gavin</username>
<id>1</id>
</contributor>
<comment>Automatically generated</comment>
<text xml:space="preserve">{{Unit
|Description=Cavalry troop in Eastern Association Army commanded by Robert Swallow. aka Virgins' Troop or Maiden Troop.
|Type=Horse troop
|Show events=No
|Show locations=None
|Parent units={{Command relationship subobject
|Parent unit=Cromwell's Horse Regiment, Eastern Association
|Relationship type=Tactical
|Command ref=[[TNA, SP 28/28/3, ff. 208-214]], f. 210r.}}{{Command relationship subobject
|Parent unit=Eastern Association
|Relationship type=Military admin
|Command ref=[[TNA, SP 28/28/3, ff. 208-214]], f. 210r.}}{{Command relationship subobject
|Parent unit=Parliamentarian and Protectorate forces
|Relationship type=Unit allegiance
|Command ref=[[TNA, SP 28/28/3, ff. 208-214]], f. 210r.}}
}}</text>
<model>wikitext</model>
<format>text/x-wiki</format>
</revision>
</page>
<page>
<title>Bethell's Horse Troop, Eastern Association</title>
<ns>0</ns>
<revision>
<timestamp>2025-03-27T10:33:54Z</timestamp>
<contributor>
<username>Gavin</username>
<id>1</id>
</contributor>
<comment>Automatically generated</comment>
<text xml:space="preserve">{{Unit
|Description=Cavalry troop in Eastern Association Army commanded by Christopher Bethell.
|Type=Horse troop
|Show events=No
|Show locations=None
|Parent units={{Command relationship subobject
|Parent unit=Cromwell's Horse Regiment, Eastern Association
|Relationship type=Tactical
|Command ref=[[TNA, SP 28/28/3, ff. 208-214]], f. 210r.}}{{Command relationship subobject
|Parent unit=Eastern Association
|Relationship type=Military admin
|Command ref=[[TNA, SP 28/28/3, ff. 208-214]], f. 210r.}}{{Command relationship subobject
|Parent unit=Parliamentarian and Protectorate forces
|Relationship type=Unit allegiance
|Command ref=[[TNA, SP 28/28/3, ff. 208-214]], f. 210r.}}
}}</text>
<model>wikitext</model>
<format>text/x-wiki</format>
</revision>
</page>
<page>
<title>Margery's Horse Troop, Eastern Association</title>
<ns>0</ns>
<revision>
<timestamp>2025-03-27T10:33:54Z</timestamp>
<contributor>
<username>Gavin</username>
<id>1</id>
</contributor>
<comment>Automatically generated</comment>
<text xml:space="preserve">{{Unit
|Description=Cavalry troop in Eastern Association Army commanded by Ralph Margery.
|Type=Horse troop
|Show events=No
|Show locations=None
|Parent units={{Command relationship subobject
|Parent unit=Cromwell's Horse Regiment, Eastern Association
|Relationship type=Tactical
|Command ref=[[TNA, SP 28/28/3, ff. 208-214]], f. 210r.}}{{Command relationship subobject
|Parent unit=Eastern Association
|Relationship type=Military admin
|Command ref=[[TNA, SP 28/28/3, ff. 208-214]], f. 210r.}}{{Command relationship subobject
|Parent unit=Parliamentarian and Protectorate forces
|Relationship type=Unit allegiance
|Command ref=[[TNA, SP 28/28/3, ff. 208-214]], f. 210r.}}
}}</text>
<model>wikitext</model>
<format>text/x-wiki</format>
</revision>
</page>
<page>
<title>Ireton's Horse Troop (Henry), Eastern Association</title>
<ns>0</ns>
<revision>
<timestamp>2025-03-27T10:33:54Z</timestamp>
<contributor>
<username>Gavin</username>
<id>1</id>
</contributor>
<comment>Automatically generated</comment>
<text xml:space="preserve">{{Unit
|Description=Cavalry troop in Eastern Association Army commanded by Henry Ireton.
|Disambiguation=For Thomas Ireton's troop, see [[Walton\Ireton's Horse Troop, Eastern Association]].
|Type=Horse troop
|Show events=No
|Show locations=None
|Parent units={{Command relationship subobject
|Parent unit=Cromwell's Horse Regiment, Eastern Association
|Relationship type=Tactical
|Command ref=[[TNA, SP 28/28/3, ff. 208-214]], f. 210r.}}{{Command relationship subobject
|Parent unit=Eastern Association
|Relationship type=Military admin
|Command ref=[[TNA, SP 28/28/3, ff. 208-214]], f. 210r.}}{{Command relationship subobject
|Parent unit=Parliamentarian and Protectorate forces
|Relationship type=Unit allegiance
|Command ref=[[TNA, SP 28/28/3, ff. 208-214]], f. 210r.}}
}}</text>
<model>wikitext</model>
<format>text/x-wiki</format>
</revision>
</page>
<page>
<title>Vermuyden's Horse Troop, Eastern Association</title>
<ns>0</ns>
<revision>
<timestamp>2025-03-27T10:33:54Z</timestamp>
<contributor>
<username>Gavin</username>
<id>1</id>
</contributor>
<comment>Automatically generated</comment>
<text xml:space="preserve">{{Unit
|Description=Cavalry troop in Eastern Association Army commanded by Bartholomew Vermuyden.
|Type=Horse troop
|Show events=No
|Show locations=None
|Parent units={{Command relationship subobject
|Parent unit=Vermuyden's Horse Regiment, Eastern Association
|Relationship type=Tactical
|Command ref=[[TNA, SP 28/28/3, ff. 208-214]], f. 210r.}}{{Command relationship subobject
|Parent unit=Eastern Association
|Relationship type=Military admin
|Command ref=[[TNA, SP 28/28/3, ff. 208-214]], f. 210r.}}{{Command relationship subobject
|Parent unit=Parliamentarian and Protectorate forces
|Relationship type=Unit allegiance
|Command ref=[[TNA, SP 28/28/3, ff. 208-214]], f. 210r.}}
}}</text>
<model>wikitext</model>
<format>text/x-wiki</format>
</revision>
</page>
<page>
<title>Wild's Horse Troop, Eastern Association</title>
<ns>0</ns>
<revision>
<timestamp>2025-03-27T10:33:54Z</timestamp>
<contributor>
<username>Gavin</username>
<id>1</id>
</contributor>
<comment>Automatically generated</comment>
<text xml:space="preserve">{{Unit
|Description=Cavalry troop in Eastern Association Army commanded by Major Thomas Wild.
|Type=Horse troop
|Show events=No
|Show locations=None
|Parent units={{Command relationship subobject
|Parent unit=Vermuyden's Horse Regiment, Eastern Association
|Relationship type=Tactical
|Command ref=[[TNA, SP 28/28/3, ff. 208-214]], f. 210r.}}{{Command relationship subobject
|Parent unit=Eastern Association
|Relationship type=Military admin
|Command ref=[[TNA, SP 28/28/3, ff. 208-214]], f. 210r.}}{{Command relationship subobject
|Parent unit=Parliamentarian and Protectorate forces
|Relationship type=Unit allegiance
|Command ref=[[TNA, SP 28/28/3, ff. 208-214]], f. 210r.}}
}}</text>
<model>wikitext</model>
<format>text/x-wiki</format>
</revision>
</page>
<page>
<title>Huntington's Horse Troop, Eastern Association</title>
<ns>0</ns>
<revision>
<timestamp>2025-03-27T10:33:54Z</timestamp>
<contributor>
<username>Gavin</username>
<id>1</id>
</contributor>
<comment>Automatically generated</comment>
<text xml:space="preserve">{{Unit
|Description=Cavalry troop in Eastern Association Army commanded by Robert Huntington.
|Type=Horse troop
|Show events=No
|Show locations=None
|Parent units={{Command relationship subobject
|Parent unit=Vermuyden's Horse Regiment, Eastern Association
|Relationship type=Tactical
|Command ref=[[TNA, SP 28/28/3, ff. 208-214]], f. 210r.}}{{Command relationship subobject
|Parent unit=Eastern Association
|Relationship type=Military admin
|Command ref=[[TNA, SP 28/28/3, ff. 208-214]], f. 210r.}}{{Command relationship subobject
|Parent unit=Parliamentarian and Protectorate forces
|Relationship type=Unit allegiance
|Command ref=[[TNA, SP 28/28/3, ff. 208-214]], f. 210r.}}
}}</text>
<model>wikitext</model>
<format>text/x-wiki</format>
</revision>
</page>
<page>
<title>Jenkins's Horse Troop, Eastern Association</title>
<ns>0</ns>
<revision>
<timestamp>2025-03-27T10:33:54Z</timestamp>
<contributor>
<username>Gavin</username>
<id>1</id>
</contributor>
<comment>Automatically generated</comment>
<text xml:space="preserve">{{Unit
|Description=Cavalry troop in Eastern Association Army commanded by John Jenkins.
|Type=Horse troop
|Show events=No
|Show locations=None
|Parent units={{Command relationship subobject
|Parent unit=Vermuyden's Horse Regiment, Eastern Association
|Relationship type=Tactical
|Command ref=[[TNA, SP 28/28/3, ff. 208-214]], f. 210r.}}{{Command relationship subobject
|Parent unit=Eastern Association
|Relationship type=Military admin
|Command ref=[[TNA, SP 28/28/3, ff. 208-214]], f. 210r.}}{{Command relationship subobject
|Parent unit=Parliamentarian and Protectorate forces
|Relationship type=Unit allegiance
|Command ref=[[TNA, SP 28/28/3, ff. 208-214]], f. 210r.}}
}}</text>
<model>wikitext</model>
<format>text/x-wiki</format>
</revision>
</page>
<page>
<title>Moody's Horse Troop (Samuel), Eastern Association</title>
<ns>0</ns>
<revision>
<timestamp>2025-03-27T10:33:54Z</timestamp>
<contributor>
<username>Gavin</username>
<id>1</id>
</contributor>
<comment>Automatically generated</comment>
<text xml:space="preserve">{{Unit
|Description=Cavalry troop in Eastern Association Army commanded by Samuel Moody.
|Disambiguation=For John Moody's troop in Fleetwood's regiment, see [[Moody's Horse Troop (John), Eastern Association]].
|Type=Horse troop
|Show events=No
|Show locations=None
|Parent units={{Command relationship subobject
|Parent unit=Vermuyden's Horse Regiment, Eastern Association
|Relationship type=Tactical
|Command ref=[[TNA, SP 28/28/3, ff. 208-214]], f. 210r.}}{{Command relationship subobject
|Parent unit=Eastern Association
|Relationship type=Military admin
|Command ref=[[TNA, SP 28/28/3, ff. 208-214]], f. 210r.}}{{Command relationship subobject
|Parent unit=Parliamentarian and Protectorate forces
|Relationship type=Unit allegiance
|Command ref=[[TNA, SP 28/28/3, ff. 208-214]], f. 210r.}}
}}</text>
<model>wikitext</model>
<format>text/x-wiki</format>
</revision>
</page>
<page>
<title>Fleetwood's Horse Troop, Eastern Association</title>
<ns>0</ns>
<revision>
<timestamp>2025-03-27T10:33:54Z</timestamp>
<contributor>
<username>Gavin</username>
<id>1</id>
</contributor>
<comment>Automatically generated</comment>
<text xml:space="preserve">{{Unit
|Description=Cavalry troop in Eastern Association Army commanded by Charles Fleetwood.
|Type=Horse troop
|Show events=No
|Show locations=None
|Parent units={{Command relationship subobject
|Parent unit=Fleetwood's Horse Regiment, Eastern Association
|Relationship type=Tactical
|Command ref=[[TNA, SP 28/28/3, ff. 208-214]], f. 210v.}}{{Command relationship subobject
|Parent unit=Eastern Association
|Relationship type=Military admin
|Command ref=[[TNA, SP 28/28/3, ff. 208-214]], f. 210v.}}{{Command relationship subobject
|Parent unit=Parliamentarian and Protectorate forces
|Relationship type=Unit allegiance
|Command ref=[[TNA, SP 28/28/3, ff. 208-214]], f. 210v.}}
}}</text>
<model>wikitext</model>
<format>text/x-wiki</format>
</revision>
</page>
<page>
<title>Harrison's Horse Troop, Eastern Association</title>
<ns>0</ns>
<revision>
<timestamp>2025-03-27T10:33:54Z</timestamp>
<contributor>
<username>Gavin</username>
<id>1</id>
</contributor>
<comment>Automatically generated</comment>
<text xml:space="preserve">{{Unit
|Description=Cavalry troop in Eastern Association Army commanded by Major Thomas Harrison.
|Type=Horse troop
|Show events=No
|Show locations=None
|Parent units={{Command relationship subobject
|Parent unit=Fleetwood's Horse Regiment, Eastern Association
|Relationship type=Tactical
|Command ref=[[TNA, SP 28/28/3, ff. 208-214]], f. 210v.}}{{Command relationship subobject
|Parent unit=Eastern Association
|Relationship type=Military admin
|Command ref=[[TNA, SP 28/28/3, ff. 208-214]], f. 210v.}}{{Command relationship subobject
|Parent unit=Parliamentarian and Protectorate forces
|Relationship type=Unit allegiance
|Command ref=[[TNA, SP 28/28/3, ff. 208-214]], f. 210v.}}
}}</text>
<model>wikitext</model>
<format>text/x-wiki</format>
</revision>
</page>
<page>
<title>Le Hunt's Horse Troop, Eastern Association</title>
<ns>0</ns>
<revision>
<timestamp>2025-03-27T10:33:54Z</timestamp>
<contributor>
<username>Gavin</username>
<id>1</id>
</contributor>
<comment>Automatically generated</comment>
<text xml:space="preserve">{{Unit
|Description=Cavalry troop in Eastern Association Army commanded by Richard Le Hunt.
|Type=Horse troop
|Show events=No
|Show locations=None
|Parent units={{Command relationship subobject
|Parent unit=Fleetwood's Horse Regiment, Eastern Association
|Relationship type=Tactical
|Command ref=[[TNA, SP 28/28/3, ff. 208-214]], f. 210v.}}{{Command relationship subobject
|Parent unit=Eastern Association
|Relationship type=Military admin
|Command ref=[[TNA, SP 28/28/3, ff. 208-214]], f. 210v.}}{{Command relationship subobject
|Parent unit=Parliamentarian and Protectorate forces
|Relationship type=Unit allegiance
|Command ref=[[TNA, SP 28/28/3, ff. 208-214]], f. 210v.}}
}}</text>
<model>wikitext</model>
<format>text/x-wiki</format>
</revision>
</page>
<page>
<title>Russell\Selby's Horse Troop, Eastern Association</title>
<ns>0</ns>
<revision>
<timestamp>2025-03-27T10:33:54Z</timestamp>
<contributor>
<username>Gavin</username>
<id>1</id>
</contributor>
<comment>Automatically generated</comment>
<text xml:space="preserve">{{Unit
|Description=Cavalry troop in Eastern Association Army commanded by Colonel Russell and Captain Selby.
|Type=Horse troop
|Show events=No
|Show locations=None
|Parent units={{Command relationship subobject
|Parent unit=Fleetwood's Horse Regiment, Eastern Association
|Relationship type=Tactical
|Command ref=[[TNA, SP 28/28/3, ff. 208-214]], f. 210v.}}{{Command relationship subobject
|Parent unit=Eastern Association
|Relationship type=Military admin
|Command ref=[[TNA, SP 28/28/3, ff. 208-214]], f. 210v.}}{{Command relationship subobject
|Parent unit=Parliamentarian and Protectorate forces
|Relationship type=Unit allegiance
|Command ref=[[TNA, SP 28/28/3, ff. 208-214]], f. 210v.}}
}}</text>
<model>wikitext</model>
<format>text/x-wiki</format>
</revision>
</page>
<page>
<title>Moody's Horse Troop (John), Eastern Association</title>
<ns>0</ns>
<revision>
<timestamp>2025-03-27T10:33:54Z</timestamp>
<contributor>
<username>Gavin</username>
<id>1</id>
</contributor>
<comment>Automatically generated</comment>
<text xml:space="preserve">{{Unit
|Description=Cavalry troop in Eastern Association Army commanded by John Moody.
|Disambiguation=For Samuel Moody's troop in Vermuyden's regiment, see [[Moody's Horse Troop (Samuel), Eastern Association]].
|Type=Horse troop
|Show events=No
|Show locations=None
|Parent units={{Command relationship subobject
|Parent unit=Fleetwood's Horse Regiment, Eastern Association
|Relationship type=Tactical
|Command ref=[[TNA, SP 28/28/3, ff. 208-214]], f. 210v.}}{{Command relationship subobject
|Parent unit=Eastern Association
|Relationship type=Military admin
|Command ref=[[TNA, SP 28/28/3, ff. 208-214]], f. 210v.}}{{Command relationship subobject
|Parent unit=Parliamentarian and Protectorate forces
|Relationship type=Unit allegiance
|Command ref=[[TNA, SP 28/28/3, ff. 208-214]], f. 210v.}}
}}</text>
<model>wikitext</model>
<format>text/x-wiki</format>
</revision>
</page>
<page>
<title>Crauford's Horse Troop, Eastern Association</title>
<ns>0</ns>
<revision>
<timestamp>2025-03-27T10:33:54Z</timestamp>
<contributor>
<username>Gavin</username>
<id>1</id>
</contributor>
<comment>Automatically generated</comment>
<text xml:space="preserve">{{Unit
|Description=Cavalry troop in Eastern Association Army commanded by Laurence Crauford (also Major-General of Foot).
|Type=Horse troop
|Show events=No
|Show locations=None
|Parent units={{Command relationship subobject
|Parent unit=Fleetwood's Horse Regiment, Eastern Association
|Relationship type=Tactical
|Command ref=[[TNA, SP 28/28/3, ff. 208-214]], f. 210v.}}{{Command relationship subobject
|Parent unit=Eastern Association
|Relationship type=Military admin
|Command ref=[[TNA, SP 28/28/3, ff. 208-214]], f. 210v.}}{{Command relationship subobject
|Parent unit=Parliamentarian and Protectorate forces
|Relationship type=Unit allegiance
|Command ref=[[TNA, SP 28/28/3, ff. 208-214]], f. 210v.}}
}}</text>
<model>wikitext</model>
<format>text/x-wiki</format>
</revision>
</page>
<page>
<title>Norwich's Horse Troop, Eastern Association</title>
<ns>0</ns>
<revision>
<timestamp>2025-03-27T10:33:54Z</timestamp>
<contributor>
<username>Gavin</username>
<id>1</id>
</contributor>
<comment>Automatically generated</comment>
<text xml:space="preserve">{{Unit
|Description=Cavalry troop in Eastern Association Army commanded by Sir John Norwich.
|Type=Horse troop
|Show events=No
|Show locations=None
|Parent units={{Command relationship subobject
|Parent unit=Norwich's Horse Regiment, Eastern Association
|Relationship type=Tactical
|Command ref=[[TNA, SP 28/28/3, ff. 208-214]], f. 210v.}}{{Command relationship subobject
|Parent unit=Eastern Association
|Relationship type=Military admin
|Command ref=[[TNA, SP 28/28/3, ff. 208-214]], f. 210v.}}{{Command relationship subobject
|Parent unit=Parliamentarian and Protectorate forces
|Relationship type=Unit allegiance
|Command ref=[[TNA, SP 28/28/3, ff. 208-214]], f. 210v.}}
}}</text>
<model>wikitext</model>
<format>text/x-wiki</format>
</revision>
</page>
<page>
<title>Inglesby's Horse Troop, Eastern Association</title>
<ns>0</ns>
<revision>
<timestamp>2025-03-27T10:33:54Z</timestamp>
<contributor>
<username>Gavin</username>
<id>1</id>
</contributor>
<comment>Automatically generated</comment>
<text xml:space="preserve">{{Unit
|Description=Cavalry troop in Eastern Association Army commanded by Oliver Inglesby.
|Type=Horse troop
|Show events=No
|Show locations=None
|Parent units={{Command relationship subobject
|Parent unit=Norwich's Horse Regiment, Eastern Association
|Relationship type=Tactical
|Command ref=[[TNA, SP 28/28/3, ff. 208-214]], f. 210v.}}{{Command relationship subobject
|Parent unit=Eastern Association
|Relationship type=Military admin
|Command ref=[[TNA, SP 28/28/3, ff. 208-214]], f. 210v.}}{{Command relationship subobject
|Parent unit=Parliamentarian and Protectorate forces
|Relationship type=Unit allegiance
|Command ref=[[TNA, SP 28/28/3, ff. 208-214]], f. 210v.}}
}}</text>
<model>wikitext</model>
<format>text/x-wiki</format>
</revision>
</page>
<page>
<title>Ecclesthorpe\Moulson's Horse Troop, Eastern Association</title>
<ns>0</ns>
<revision>
<timestamp>2025-03-27T10:33:54Z</timestamp>
<contributor>
<username>Gavin</username>
<id>1</id>
</contributor>
<comment>Automatically generated</comment>
<text xml:space="preserve">{{Unit
|Description=Cavalry troop in Eastern Association Army commanded by Captain Ecclesthorpe and Thomas Moulson.
|Type=Horse troop
|Show events=No
|Show locations=None
|Parent units={{Command relationship subobject
|Parent unit=Norwich's Horse Regiment, Eastern Association
|Relationship type=Tactical
|Command ref=[[TNA, SP 28/28/3, ff. 208-214]], f. 210v.}}{{Command relationship subobject
|Parent unit=Eastern Association
|Relationship type=Military admin
|Command ref=[[TNA, SP 28/28/3, ff. 208-214]], f. 210v.}}{{Command relationship subobject
|Parent unit=Parliamentarian and Protectorate forces
|Relationship type=Unit allegiance
|Command ref=[[TNA, SP 28/28/3, ff. 208-214]], f. 210v.}}
}}</text>
<model>wikitext</model>
<format>text/x-wiki</format>
</revision>
</page>
<page>
<title>Manchester's Horse Regiment, Eastern Association</title>
<ns>0</ns>
<revision>
<timestamp>2025-03-27T10:33:54Z</timestamp>
<contributor>
<username>Gavin</username>
<id>1</id>
</contributor>
<comment>Automatically generated</comment>
<text xml:space="preserve">{{Unit
|Description=Cavalry regiment in Eastern Association Army named after Earl of Manchester and commanded by Algernon Sidney.
|Type=Horse regiment
|Show events=No
|Show locations=None
|Parent units={{Command relationship subobject
|Parent unit=Parliamentarian and Protectorate forces
|Relationship type=Unit allegiance
|Command ref=[[TNA, SP 28/28/3, ff. 208-214]], f. 209v.}}{{Command relationship subobject
|Parent unit=Eastern Association Army
|Relationship type=Tactical
|Command ref=[[TNA, SP 28/28/3, ff. 208-214]], f. 209v.}}{{Command relationship subobject
|Parent unit=Eastern Association
|Relationship type=Military admin
|Command ref=[[TNA, SP 28/28/3, ff. 208-214]], f. 209v.}}
}}</text>
<model>wikitext</model>
<format>text/x-wiki</format>
</revision>
</page>
<page>
<title>Cromwell's Horse Regiment, Eastern Association</title>
<ns>0</ns>
<revision>
<timestamp>2025-03-27T10:33:54Z</timestamp>
<contributor>
<username>Gavin</username>
<id>1</id>
</contributor>
<comment>Automatically generated</comment>
<text xml:space="preserve">{{Unit
|Description=Cavalry regiment in Eastern Association Army commanded by Oliver Cromwell senior (later Lord Protector).
|Disambiguation=For the regiment commanded by Cromwell in the New Model Army, see [[Cromwell\Vermuyden\Disbrowe's Horse Regiment, NMA]].
|Type=Horse regiment
|Show events=No
|Show locations=None
|Parent units={{Command relationship subobject
|Parent unit=Parliamentarian and Protectorate forces
|Relationship type=Unit allegiance
|Command ref=[[TNA, SP 28/28/3, ff. 208-214]], f. 210r.}}{{Command relationship subobject
|Parent unit=Eastern Association Army
|Relationship type=Tactical
|Command ref=[[TNA, SP 28/28/3, ff. 208-214]], f. 210r.}}{{Command relationship subobject
|Parent unit=Eastern Association
|Relationship type=Military admin
|Command ref=[[TNA, SP 28/28/3, ff. 208-214]], f. 210r.}}
}}</text>
<model>wikitext</model>
<format>text/x-wiki</format>
</revision>
</page>
<page>
<title>Vermuyden's Horse Regiment, Eastern Association</title>
<ns>0</ns>
<revision>
<timestamp>2025-03-27T10:33:54Z</timestamp>
<contributor>
<username>Gavin</username>
<id>1</id>
</contributor>
<comment>Automatically generated</comment>
<text xml:space="preserve">{{Unit
|Description=Cavalry regiment in Eastern Association Army commanded by Bartholomew Vermuyden.
|Disambiguation=For the regiment commanded by Vermuyden in the New Model Army, see [[Cromwell\Vermuyden\Disbrowe's Horse Regiment, NMA]].
|Type=Horse regiment
|Show events=No
|Show locations=None
|Parent units={{Command relationship subobject
|Parent unit=Parliamentarian and Protectorate forces
|Relationship type=Unit allegiance
|Command ref=[[TNA, SP 28/28/3, ff. 208-214]], f. 210r.}}{{Command relationship subobject
|Parent unit=Eastern Association Army
|Relationship type=Tactical
|Command ref=[[TNA, SP 28/28/3, ff. 208-214]], f. 210r.}}{{Command relationship subobject
|Parent unit=Eastern Association
|Relationship type=Military admin
|Command ref=[[TNA, SP 28/28/3, ff. 208-214]], f. 210r.}}
}}</text>
<model>wikitext</model>
<format>text/x-wiki</format>
</revision>
</page>
<page>
<title>Fleetwood's Horse Regiment, Eastern Association</title>
<ns>0</ns>
<revision>
<timestamp>2025-03-27T10:33:54Z</timestamp>
<contributor>
<username>Gavin</username>
<id>1</id>
</contributor>
<comment>Automatically generated</comment>
<text xml:space="preserve">{{Unit
|Description=Cavalry regiment in Eastern Association Army commanded by Charles Fleetwood.
|Disambiguation=For the regiment commanded by Fleetwood in the New Model Army, see [[Fleetwood's Horse Regiment, NMA]].
|Type=Horse regiment
|Show events=No
|Show locations=None
|Parent units={{Command relationship subobject
|Parent unit=Parliamentarian and Protectorate forces
|Relationship type=Unit allegiance
|Command ref=[[TNA, SP 28/28/3, ff. 208-214]], f. 210v.}}{{Command relationship subobject
|Parent unit=Eastern Association Army
|Relationship type=Tactical
|Command ref=[[TNA, SP 28/28/3, ff. 208-214]], f. 210v.}}{{Command relationship subobject
|Parent unit=Eastern Association
|Relationship type=Military admin
|Command ref=[[TNA, SP 28/28/3, ff. 208-214]], f. 210v.}}
}}</text>
<model>wikitext</model>
<format>text/x-wiki</format>
</revision>
</page>
<page>
<title>Norwich's Horse Regiment, Eastern Association</title>
<ns>0</ns>
<revision>
<timestamp>2025-03-27T10:33:54Z</timestamp>
<contributor>
<username>Gavin</username>
<id>1</id>
</contributor>
<comment>Automatically generated</comment>
<text xml:space="preserve">{{Unit
|Description=Cavalry regiment in Eastern Association Army commanded by Sir John Norwich.
|Type=Horse regiment
|Show events=No
|Show locations=None
|Parent units={{Command relationship subobject
|Parent unit=Parliamentarian and Protectorate forces
|Relationship type=Unit allegiance
|Command ref=[[TNA, SP 28/28/3, ff. 208-214]], f. 210v.}}{{Command relationship subobject
|Parent unit=Eastern Association Army
|Relationship type=Tactical
|Command ref=[[TNA, SP 28/28/3, ff. 208-214]], f. 210v.}}{{Command relationship subobject
|Parent unit=Eastern Association
|Relationship type=Military admin
|Command ref=[[TNA, SP 28/28/3, ff. 208-214]], f. 210v.}}
}}</text>
<model>wikitext</model>
<format>text/x-wiki</format>
</revision>
</page>
</mediawiki>