<mediawiki xmlns="http://www.mediawiki.org/xml/export-0.10/" xmlns:xsi="http://www.w3.org/2001/XMLSchema-instance" xsi:schemaLocation="http://www.mediawiki.org/xml/export-0.10/ http://www.mediawiki.org/xml/export-0.10.xsd" version="0.10" xml:lang="en-GB">
<siteinfo>
<sitename>By The Sword Linked</sitename>
<dbname>bytheswo_lbcwdb</dbname>
<base>https://www.bytheswordlinked.uk/wiki/Main_Page</base>
<generator>MediaWiki 1.31.1</generator>
<case>first-letter</case>
<namespaces>
<namespace key="-2" case="first-letter">Media</namespace>
<namespace key="-1" case="first-letter">Special</namespace>
<namespace key="0" case="first-letter" />
<namespace key="1" case="first-letter">Talk</namespace>
<namespace key="2" case="first-letter">User</namespace>
<namespace key="3" case="first-letter">User talk</namespace>
<namespace key="4" case="first-letter">Project</namespace>
<namespace key="5" case="first-letter">Project talk</namespace>
<namespace key="6" case="first-letter">File</namespace>
<namespace key="7" case="first-letter">File talk</namespace>
<namespace key="8" case="first-letter">MediaWiki</namespace>
<namespace key="9" case="first-letter">MediaWiki talk</namespace>
<namespace key="10" case="first-letter">Template</namespace>
<namespace key="11" case="first-letter">Template talk</namespace>
<namespace key="12" case="first-letter">Help</namespace>
<namespace key="13" case="first-letter">Help talk</namespace>
<namespace key="14" case="first-letter">Category</namespace>
<namespace key="15" case="first-letter">Category talk</namespace>
<namespace key="102" case="first-letter">Property</namespace>
<namespace key="103" case="first-letter">Property talk</namespace>
<namespace key="106" case="first-letter">Form</namespace>
<namespace key="107" case="first-letter">Form talk</namespace>
<namespace key="108" case="first-letter">Concept</namespace>
<namespace key="109" case="first-letter">Concept talk</namespace>
<namespace key="112" case="first-letter">smw/schema</namespace>
<namespace key="113" case="first-letter">smw/schema talk</namespace>
<namespace key="114" case="first-letter">Rule</namespace>
<namespace key="115" case="first-letter">Rule talk</namespace>
<namespace key="420" case="first-letter">GeoJson</namespace>
<namespace key="421" case="first-letter">GeoJson talk</namespace>
<namespace key="3000" case="first-letter">Locations</namespace>
<namespace key="3001" case="first-letter">Locations talk</namespace>
<namespace key="3002" case="first-letter">Events</namespace>
<namespace key="3003" case="first-letter">Events talk</namespace>
</namespaces>
</siteinfo><page>
<title>TNA, PROB 11/188/92</title>
<ns>0</ns>
<revision>
<timestamp>2025-03-27T10:33:30Z</timestamp>
<contributor>
<username>Gavin</username>
<id>1</id>
</contributor>
<comment>Automatically generated</comment>
<text xml:space="preserve">{{Manuscript text
|Sort by=TNA PROB 11 0188 0092
|Part of=TNA, PROB 11/188
|Description=Registered copy of will of Edmond Sheppard or Shepard, Saddler of London. Made 1642-01-28 JL. Proved 1642-02-01 JL.
|Catalogue record URL=https://discovery.nationalarchives.gov.uk/details/r/D856085
|Citable reference=PROB 11/188/92
|Proved=1642-02-01 JL
|Earliest existence=1642-01-28 JL
|Created by=Sheppard, Edmond (saddler)
|Main subject=Sheppard, Edmond (saddler)
|Type=Will (registered copy)
|In GLAM=The National Archives of the UK (TNA)
|Orderable reference=Download only
|Copyright status=In copyright (unpublished)
|Licence=All rights reserved
|Discovery OGL=Yes
|Signed by=None
|Addressed to=None
}}</text>
<model>wikitext</model>
<format>text/x-wiki</format>
</revision>
</page>
<page>
<title>TNA, PROB 11/190/460</title>
<ns>0</ns>
<revision>
<timestamp>2025-03-27T10:33:30Z</timestamp>
<contributor>
<username>Gavin</username>
<id>1</id>
</contributor>
<comment>Automatically generated</comment>
<text xml:space="preserve">{{Manuscript text
|Sort by=TNA PROB 11 0190 0460
|Part of=TNA, PROB 11/190
|Description=Registered copy of will of Edward Berry of Canterbury, Kent. Made 1642-09-11 JL. Proved 1642-12-14 JL.
|Catalogue record URL=https://discovery.nationalarchives.gov.uk/details/r/D984175
|Citable reference=PROB 11/190/460
|Proved=1642-12-14 JL
|Earliest existence=1642-09-11 JL
|Created by=Berry, Edward (-1642, P officer)
|Main subject=Berry, Edward (-1642, P officer)
|Type=Will (registered copy)
|In GLAM=The National Archives of the UK (TNA)
|Orderable reference=Download only
|Copyright status=In copyright (unpublished)
|Licence=All rights reserved
|Discovery OGL=Yes
|Signed by=None
|Addressed to=None
}}</text>
<model>wikitext</model>
<format>text/x-wiki</format>
</revision>
</page>
<page>
<title>TNA, PROB 11/190/485</title>
<ns>0</ns>
<revision>
<timestamp>2025-03-27T10:33:30Z</timestamp>
<contributor>
<username>Gavin</username>
<id>1</id>
</contributor>
<comment>Automatically generated</comment>
<text xml:space="preserve">{{Manuscript text
|Sort by=TNA PROB 11 0190 0485
|Part of=TNA, PROB 11/190
|Description=Registered copy of will of Edwyn Sandys of Northbourne, Kent. Made 1642-09-09 JL. Proved 1642-12-30 JL.
|Catalogue record URL=https://discovery.nationalarchives.gov.uk/details/r/D984161
|Citable reference=PROB 11/190/485
|Proved=1642-12-30 JL
|Earliest existence=1642-09-09 JL
|Created by=Sandys, Edwin (-1642, P officer)
|Main subject=Sandys, Edwin (-1642, P officer)
|Type=Will (registered copy)
|In GLAM=The National Archives of the UK (TNA)
|Orderable reference=Download only
|Copyright status=In copyright (unpublished)
|Licence=All rights reserved
|Discovery OGL=Yes
|Signed by=None
|Addressed to=None
}}</text>
<model>wikitext</model>
<format>text/x-wiki</format>
</revision>
</page>
<page>
<title>TNA, PROB 11/192/8</title>
<ns>0</ns>
<revision>
<timestamp>2025-03-27T10:33:30Z</timestamp>
<contributor>
<username>Gavin</username>
<id>1</id>
</contributor>
<comment>Automatically generated</comment>
<text xml:space="preserve">{{Manuscript text
|Sort by=TNA PROB 11 0192 0008
|Part of=TNA, PROB 11/192
|Description=Registered copy of will of Arthur Goodwin or Goodwyn of Upper Winchendon, Buckinghamshire. Made 1639-02-06 JL. Proved 1644-11-11 JL.
|Catalogue record URL=https://discovery.nationalarchives.gov.uk/details/r/D857131
|Citable reference=PROB 11/192/8
|Proved=1644-11-11 JL
|Earliest existence=1639-02-06 JL
|Created by=Goodwin, Arthur (MP)
|Main subject=Goodwin, Arthur (MP)
|Type=Will (registered copy)
|In GLAM=The National Archives of the UK (TNA)
|Orderable reference=Download only
|Copyright status=In copyright (unpublished)
|Licence=All rights reserved
|Discovery OGL=Yes
|Signed by=None
|Addressed to=None
}}</text>
<model>wikitext</model>
<format>text/x-wiki</format>
</revision>
</page>
<page>
<title>TNA, PROB 11/192/226</title>
<ns>0</ns>
<revision>
<timestamp>2025-03-27T10:33:30Z</timestamp>
<contributor>
<username>Gavin</username>
<id>1</id>
</contributor>
<comment>Automatically generated</comment>
<text xml:space="preserve">{{Manuscript text
|Sort by=TNA PROB 11 0192 0226
|Part of=TNA, PROB 11/192
|Description=Registered copy of will of Ellis Parry, Sadler of London. Made 1644-10-23 JL. Proved 1645-01-13 JL.
|Catalogue record URL=https://discovery.nationalarchives.gov.uk/details/r/D857430
|Citable reference=PROB 11/192/226
|Proved=1645-01-13 JL
|Earliest existence=1644-10-23 JL
|Created by=Parry, Ellis (saddler)
|Main subject=Parry, Ellis (saddler)
|Type=Will (registered copy)
|In GLAM=The National Archives of the UK (TNA)
|Orderable reference=Download only
|Copyright status=In copyright (unpublished)
|Licence=All rights reserved
|Discovery OGL=Yes
|Signed by=None
|Addressed to=None
}}

==Published versions==
* [https://webarchive.nationalarchives.gov.uk/ukgwa/+/http://yourarchives.nationalarchives.gov.uk/index.php?title=Will_of_Ellis_Parry_%281644%29 Your Archives: transcript]
</text>
<model>wikitext</model>
<format>text/x-wiki</format>
</revision>
</page>
<page>
<title>TNA, PROB 11/192/568</title>
<ns>0</ns>
<revision>
<timestamp>2025-03-27T10:33:30Z</timestamp>
<contributor>
<username>Gavin</username>
<id>1</id>
</contributor>
<comment>Automatically generated</comment>
<text xml:space="preserve">{{Manuscript text
|Sort by=TNA PROB 11 0192 0568
|Part of=TNA, PROB 11/192
|Description=Registered copy of nuncupative will of George Austin of University of Oxford, Oxfordshire. Made 1643-05-23 JL. Proved 1645-03-31 JL.
|Catalogue record URL=https://discovery.nationalarchives.gov.uk/details/r/D857641
|Citable reference=PROB 11/192/568
|Proved=1645-03-31 JL
|Earliest existence=1643-05-23 JL
|Created by=Austin, George (Oxford)
|Main subject=Austin, George (Oxford)
|Type=Will (registered copy)
|In GLAM=The National Archives of the UK (TNA)
|Orderable reference=Download only
|Copyright status=In copyright (unpublished)
|Licence=All rights reserved
|Discovery OGL=Yes
|Signed by=None
|Addressed to=None
}}</text>
<model>wikitext</model>
<format>text/x-wiki</format>
</revision>
</page>
<page>
<title>TNA, PROB 11/193/8</title>
<ns>0</ns>
<revision>
<timestamp>2025-03-27T10:33:30Z</timestamp>
<contributor>
<username>Gavin</username>
<id>1</id>
</contributor>
<comment>Automatically generated</comment>
<text xml:space="preserve">{{Manuscript text
|Sort by=TNA PROB 11 0193 0008
|Part of=TNA, PROB 11/193
|Description=Registered copy of will of John Fleming of Great Warley, Essex. Made 1642-09-21 JL. Proved 1645-04-03 JL.
|Catalogue record URL=https://discovery.nationalarchives.gov.uk/details/r/D857701
|Citable reference=PROB 11/193/8
|Proved=1645-04-03 JL
|Earliest existence=1642-09-21 JL
|Created by=Fleming, John (Great Warley, Essex)
|Main subject=Fleming, John (Great Warley, Essex)
|Type=Will (registered copy)
|In GLAM=The National Archives of the UK (TNA)
|Orderable reference=Download only
|Copyright status=In copyright (unpublished)
|Licence=All rights reserved
|Discovery OGL=Yes
|Signed by=None
|Addressed to=None
}}</text>
<model>wikitext</model>
<format>text/x-wiki</format>
</revision>
</page>
<page>
<title>TNA, PROB 11/193/145</title>
<ns>0</ns>
<revision>
<timestamp>2025-03-27T10:33:30Z</timestamp>
<contributor>
<username>Gavin</username>
<id>1</id>
</contributor>
<comment>Automatically generated</comment>
<text xml:space="preserve">{{Manuscript text
|Sort by=TNA PROB 11 0193 0145
|Part of=TNA, PROB 11/193
|Description=Registered copy of will of John Gower, Saddler of Saint Katherine Creechurch, City of London. Made 1644-10-18 JL. Proved 1645-05-09 JL.
|Catalogue record URL=https://discovery.nationalarchives.gov.uk/details/r/D857909
|Citable reference=PROB 11/193/145
|Proved=1645-05-09 JL
|Earliest existence=1644-10-18 JL
|Created by=Gower, John (saddler)
|Main subject=Gower, John (saddler);Gower, Jane (saddler)
|Type=Will (registered copy)
|In GLAM=The National Archives of the UK (TNA)
|Orderable reference=Download only
|Copyright status=In copyright (unpublished)
|Licence=All rights reserved
|Discovery OGL=Yes
|Signed by=None
|Addressed to=None
}}

==Published versions==
* [https://webarchive.nationalarchives.gov.uk/ukgwa/+/http://yourarchives.nationalarchives.gov.uk/index.php?title=Will_of_John_Gower%2C_Saddler_of_Saint_Katherine_Creechurch%2C_City_of_London_%281645%29 Your Archives: transcript]
</text>
<model>wikitext</model>
<format>text/x-wiki</format>
</revision>
</page>
<page>
<title>TNA, PROB 11/193/156</title>
<ns>0</ns>
<revision>
<timestamp>2025-03-27T10:33:30Z</timestamp>
<contributor>
<username>Gavin</username>
<id>1</id>
</contributor>
<comment>Automatically generated</comment>
<text xml:space="preserve">{{Manuscript text
|Sort by=TNA PROB 11 0193 0156
|Part of=TNA, PROB 11/193
|Description=Registered copy of nuncupative will of Jecamiah Abercromy, Captain of City of London. Made 1645-03 JL. Proved 1645-05-13 JL.
|Catalogue record URL=https://discovery.nationalarchives.gov.uk/details/r/D857877
|Citable reference=PROB 11/193/156
|Proved=1645-05-13 JL
|Earliest existence=1645-03 JL
|Created by=Abercromy, Jecamiah (-1645, P officer)
|Main subject=Abercromy, Jecamiah (-1645, P officer)
|Type=Will (registered copy)
|In GLAM=The National Archives of the UK (TNA)
|Orderable reference=Download only
|Copyright status=In copyright (unpublished)
|Licence=All rights reserved
|Discovery OGL=Yes
|Signed by=None
|Addressed to=None
}}</text>
<model>wikitext</model>
<format>text/x-wiki</format>
</revision>
</page>
<page>
<title>TNA, PROB 11/195/322</title>
<ns>0</ns>
<revision>
<timestamp>2025-03-27T10:33:30Z</timestamp>
<contributor>
<username>Gavin</username>
<id>1</id>
</contributor>
<comment>Automatically generated</comment>
<text xml:space="preserve">{{Manuscript text
|Sort by=TNA PROB 11 0195 0322
|Part of=TNA, PROB 11/195
|Description=Registered copy of will of John Gunter of Lamphey Court, Pembrokeshire. Made 1638-06-14 JL. Proved 1646-03-05 JL.
|Catalogue record URL=https://discovery.nationalarchives.gov.uk/details/r/D876084
|Citable reference=PROB 11/195/322
|Proved=1646-03-05 JL
|Earliest existence=1638-06-14 JL
|Created by=Gunter, John (-1643, P officer)
|Main subject=Gunter, John (-1643, P officer)
|Type=Will (registered copy)
|In GLAM=The National Archives of the UK (TNA)
|Orderable reference=Download only
|Copyright status=In copyright (unpublished)
|Licence=All rights reserved
|Discovery OGL=Yes
|Signed by=None
|Addressed to=None
}}</text>
<model>wikitext</model>
<format>text/x-wiki</format>
</revision>
</page>
<page>
<title>TNA, PROB 11/201/545</title>
<ns>0</ns>
<revision>
<timestamp>2025-03-27T10:33:30Z</timestamp>
<contributor>
<username>Gavin</username>
<id>1</id>
</contributor>
<comment>Automatically generated</comment>
<text xml:space="preserve">{{Manuscript text
|Sort by=TNA PROB 11 0201 0545
|Part of=TNA, PROB 11/201
|Description=Registered copy of will of Peter Andrewes, Collarmaker of Saint Sepulchre without Newgate, Middlesex. Made 1647-08-17 JL. Proved 1647-09-02 JL.
|Catalogue record URL=https://discovery.nationalarchives.gov.uk/details/r/D858824
|Citable reference=PROB 11/201/545
|Proved=1647-09-02 JL
|Earliest existence=1647-08-17 JL
|Created by=Andrews, Peter (-1647, harness maker)
|Main subject=Andrews, Peter (-1647, harness maker)
|Type=Will (registered copy)
|In GLAM=The National Archives of the UK (TNA)
|Orderable reference=Download only
|Copyright status=In copyright (unpublished)
|Licence=All rights reserved
|Discovery OGL=Yes
|Signed by=None
|Addressed to=None
}}

==Published versions==
* [https://webarchive.nationalarchives.gov.uk/ukgwa/+/http://yourarchives.nationalarchives.gov.uk/index.php?title=Will_of_Peter_Andrewes_%281647%29 Your Archives: transcript]
</text>
<model>wikitext</model>
<format>text/x-wiki</format>
</revision>
</page>
<page>
<title>TNA, PROB 11/202/13</title>
<ns>0</ns>
<revision>
<timestamp>2025-03-27T10:33:30Z</timestamp>
<contributor>
<username>Gavin</username>
<id>1</id>
</contributor>
<comment>Automatically generated</comment>
<text xml:space="preserve">{{Manuscript text
|Sort by=TNA PROB 11 0202 0013
|Part of=TNA, PROB 11/202
|Description=Registered copy of will of Joseph Rudson alias Rutson, Cordwainer of London. Made 1646-09-24 JL. Proved 1647-10-02 JL.
|Catalogue record URL=https://discovery.nationalarchives.gov.uk/details/r/D859118
|Citable reference=PROB 11/202/13
|Proved=1647-10-02 JL
|Earliest existence=1646-09-24 JL
|Created by=Rudson, Joseph (cordwainer)
|Main subject=Rudson, Joseph (cordwainer)
|Type=Will (registered copy)
|In GLAM=The National Archives of the UK (TNA)
|Orderable reference=Download only
|Copyright status=In copyright (unpublished)
|Licence=All rights reserved
|Discovery OGL=Yes
|Signed by=None
|Addressed to=None
}}</text>
<model>wikitext</model>
<format>text/x-wiki</format>
</revision>
</page>
<page>
<title>TNA, PROB 11/203/98</title>
<ns>0</ns>
<revision>
<timestamp>2025-03-27T10:33:30Z</timestamp>
<contributor>
<username>Gavin</username>
<id>1</id>
</contributor>
<comment>Automatically generated</comment>
<text xml:space="preserve">{{Manuscript text
|Sort by=TNA PROB 11 0203 0098
|Part of=TNA, PROB 11/203
|Description=Registered copy of will of John Styles, Innholder of London. Made 1647-11-22 JL. Proved 1648-01-17 JL.
|Catalogue record URL=https://discovery.nationalarchives.gov.uk/details/r/D859718
|Citable reference=PROB 11/203/98
|Proved=1648-01-17 JL
|Earliest existence=1647-11-22 JL
|Created by=Stylls, John (horse dealer)
|Main subject=Stylls, John (horse dealer)
|Type=Will (registered copy)
|In GLAM=The National Archives of the UK (TNA)
|Orderable reference=Download only
|Copyright status=In copyright (unpublished)
|Licence=All rights reserved
|Discovery OGL=Yes
|Signed by=None
|Addressed to=None
}}

==Published versions==
* [https://webarchive.nationalarchives.gov.uk/ukgwa/+/http://yourarchives.nationalarchives.gov.uk/index.php?title=Will_of_John_Styles_%281647%29 Your Archives: transcript]
</text>
<model>wikitext</model>
<format>text/x-wiki</format>
</revision>
</page>
<page>
<title>TNA, PROB 11/206/135</title>
<ns>0</ns>
<revision>
<timestamp>2025-03-27T10:33:30Z</timestamp>
<contributor>
<username>Gavin</username>
<id>1</id>
</contributor>
<comment>Automatically generated</comment>
<text xml:space="preserve">{{Manuscript text
|Sort by=TNA PROB 11 0206 0135
|Part of=TNA, PROB 11/206
|Description=Registered copy of nuncupative will of John Meldrum, Colonel. Made 1644-04-08 JL. Proved 1648-11-16 JL.
|Catalogue record URL=https://discovery.nationalarchives.gov.uk/details/r/D861074
|Citable reference=PROB 11/206/135
|Proved=1648-11-16 JL
|Earliest existence=1644-04-08 JL
|Created by=Meldrum, John, (-1644, P officer)
|Main subject=Meldrum, John, (-1644, P officer)
|Type=Will (registered copy)
|In GLAM=The National Archives of the UK (TNA)
|Orderable reference=Download only
|Copyright status=In copyright (unpublished)
|Licence=All rights reserved
|Discovery OGL=Yes
|Signed by=None
|Addressed to=None
}}</text>
<model>wikitext</model>
<format>text/x-wiki</format>
</revision>
</page>
<page>
<title>TNA, PROB 11/213/704</title>
<ns>0</ns>
<revision>
<timestamp>2025-03-27T10:33:30Z</timestamp>
<contributor>
<username>Gavin</username>
<id>1</id>
</contributor>
<comment>Automatically generated</comment>
<text xml:space="preserve">{{Manuscript text
|Sort by=TNA PROB 11 0213 0704
|Part of=TNA, PROB 11/213
|Description=Registered copy of will of Thomas Harrison, Sadler of London. Made 1650-09-10 JL. Proved 1650-10-14 JL.
|Catalogue record URL=https://discovery.nationalarchives.gov.uk/details/r/D792227
|Citable reference=PROB 11/213/704
|Proved=1650-10-14 JL
|Earliest existence=1650-09-10 JL
|Created by=Harrison, Thomas (-1650, saddler)
|Main subject=Harrison, Thomas (-1650, saddler)
|Type=Will (registered copy)
|In GLAM=The National Archives of the UK (TNA)
|Orderable reference=Download only
|Copyright status=In copyright (unpublished)
|Licence=All rights reserved
|Discovery OGL=Yes
|Signed by=None
|Addressed to=None
}}

==Published versions==
* [https://webarchive.nationalarchives.gov.uk/ukgwa/+/http://yourarchives.nationalarchives.gov.uk/index.php?title=Will_of_Thomas_Harrison_of_London_(1650) Your Archives: transcript]
</text>
<model>wikitext</model>
<format>text/x-wiki</format>
</revision>
</page>
<page>
<title>TNA, PROB 11/218/200</title>
<ns>0</ns>
<revision>
<timestamp>2025-03-27T10:33:30Z</timestamp>
<contributor>
<username>Gavin</username>
<id>1</id>
</contributor>
<comment>Automatically generated</comment>
<text xml:space="preserve">{{Manuscript text
|Sort by=TNA PROB 11 0218 0200
|Part of=TNA, PROB 11/218
|Description=Registered copy of will of William Pease, Sadler of Saint Peter Cornhill, City of London. Made 1650-07-15 JL. Proved 1651-09-01 JL.
|Catalogue record URL=https://discovery.nationalarchives.gov.uk/details/r/D3384284
|Citable reference=PROB 11/218/200
|Proved=1651-09-01 JL
|Earliest existence=1650-07-15 JL
|Created by=Pease, William senior (saddler)
|Main subject=Pease, William senior (saddler)
|Type=Will (registered copy)
|In GLAM=The National Archives of the UK (TNA)
|Orderable reference=Download only
|Copyright status=In copyright (unpublished)
|Licence=All rights reserved
|Discovery OGL=Yes
|Signed by=None
|Addressed to=None
}}

==Published versions==
* [https://webarchive.nationalarchives.gov.uk/ukgwa/+/http://yourarchives.nationalarchives.gov.uk/index.php?title=Will_of_William_Pease_%281651%29 Your Archives: transcript]
</text>
<model>wikitext</model>
<format>text/x-wiki</format>
</revision>
</page>
<page>
<title>TNA, PROB 11/224/7</title>
<ns>0</ns>
<revision>
<timestamp>2025-03-27T10:33:30Z</timestamp>
<contributor>
<username>Gavin</username>
<id>1</id>
</contributor>
<comment>Automatically generated</comment>
<text xml:space="preserve">{{Manuscript text
|Sort by=TNA PROB 11 0224 0007
|Part of=TNA, PROB 11/224
|Description=Registered copy of will of Beniamine Potter, Saddler of Saint Sepulchre, City of London. Made 1651-06-28 JL. Proved 1652-04-16 JL.
|Catalogue record URL=https://discovery.nationalarchives.gov.uk/details/r/D772739
|Citable reference=PROB 11/224/7
|Proved=1652-04-16 JL
|Earliest existence=1651-06-28 JL
|Created by=Potter, Benjamin (saddler)
|Main subject=Potter, Benjamin (saddler)
|Type=Will (registered copy)
|In GLAM=The National Archives of the UK (TNA)
|Orderable reference=Download only
|Copyright status=In copyright (unpublished)
|Licence=All rights reserved
|Discovery OGL=Yes
|Signed by=None
|Addressed to=None
}}

==Published versions==
* [https://webarchive.nationalarchives.gov.uk/ukgwa/+/http://yourarchives.nationalarchives.gov.uk/index.php?title=Will_of_Beniamine_Potter_%281652%29 Your Archives: transcript]
</text>
<model>wikitext</model>
<format>text/x-wiki</format>
</revision>
</page>
<page>
<title>TNA, PROB 11/233/664</title>
<ns>0</ns>
<revision>
<timestamp>2025-03-27T10:33:30Z</timestamp>
<contributor>
<username>Gavin</username>
<id>1</id>
</contributor>
<comment>Automatically generated</comment>
<text xml:space="preserve">{{Manuscript text
|Sort by=TNA PROB 11 0233 0664
|Part of=TNA, PROB 11/233
|Description=Registered copy of will of John Lane, Grocer of All Hallows Bread Street, City of London. Made 1654-10-10 JL. Proved 1654-12-20 JL.
|Catalogue record URL=https://discovery.nationalarchives.gov.uk/details/r/D793085
|Citable reference=PROB 11/233/664
|Proved=1654-12-20 JL
|Earliest existence=1654-10-10 JL
|Created by=Lane, John (grocer)
|Main subject=Lane, John (grocer)
|Type=Will (registered copy)
|In GLAM=The National Archives of the UK (TNA)
|Orderable reference=Download only
|Copyright status=In copyright (unpublished)
|Licence=All rights reserved
|Discovery OGL=Yes
|Signed by=None
|Addressed to=None
}}</text>
<model>wikitext</model>
<format>text/x-wiki</format>
</revision>
</page>
<page>
<title>TNA, PROB 11/245/131</title>
<ns>0</ns>
<revision>
<timestamp>2025-03-27T10:33:30Z</timestamp>
<contributor>
<username>Gavin</username>
<id>1</id>
</contributor>
<comment>Automatically generated</comment>
<text xml:space="preserve">{{Manuscript text
|Sort by=TNA PROB 11 0245 0131
|Part of=TNA, PROB 11/245
|Description=Registered copy of will of Thomas Webbe or Webb, Saddler of London. Made 1653-09-24 JL. Proved 1655-05-09 JL.
|Catalogue record URL=https://discovery.nationalarchives.gov.uk/details/r/D797636
|Citable reference=PROB 11/245/131
|Proved=1655-05-09 JL
|Earliest existence=1653-09-24 JL
|Created by=Webb, Thomas (saddler)
|Main subject=Webb, Thomas (saddler)
|Type=Will (registered copy)
|In GLAM=The National Archives of the UK (TNA)
|Orderable reference=Download only
|Copyright status=In copyright (unpublished)
|Licence=All rights reserved
|Discovery OGL=Yes
|Signed by=None
|Addressed to=None
}}

==Published versions==
* [https://webarchive.nationalarchives.gov.uk/ukgwa/+/http://yourarchives.nationalarchives.gov.uk/index.php?title=Will_of_Thomas_Webb_%281655%29 Your Archives: transcript]
</text>
<model>wikitext</model>
<format>text/x-wiki</format>
</revision>
</page>
<page>
<title>TNA, PROB 11/249/480</title>
<ns>0</ns>
<revision>
<timestamp>2025-03-27T10:33:30Z</timestamp>
<contributor>
<username>Gavin</username>
<id>1</id>
</contributor>
<comment>Automatically generated</comment>
<text xml:space="preserve">{{Manuscript text
|Sort by=TNA PROB 11 0249 0480
|Part of=TNA, PROB 11/249
|Description=Registered copy of will of William Dash, Yeoman of Hackney, Middlesex. Made 1655-04-18 JL. Proved 1655-04-25 JL.
|Catalogue record URL=https://discovery.nationalarchives.gov.uk/details/r/D822429
|Citable reference=PROB 11/249/480
|Proved=1655-04-25 JL
|Earliest existence=1655-04-18 JL
|Created by=Dash, William (grasier)
|Main subject=Dash, William (grasier)
|Type=Will (registered copy)
|In GLAM=The National Archives of the UK (TNA)
|Orderable reference=Download only
|Copyright status=In copyright (unpublished)
|Licence=All rights reserved
|Discovery OGL=Yes
|Signed by=None
|Addressed to=None
}}</text>
<model>wikitext</model>
<format>text/x-wiki</format>
</revision>
</page>
<page>
<title>TNA, PROB 11/254/366</title>
<ns>0</ns>
<revision>
<timestamp>2025-03-27T10:33:30Z</timestamp>
<contributor>
<username>Gavin</username>
<id>1</id>
</contributor>
<comment>Automatically generated</comment>
<text xml:space="preserve">{{Manuscript text
|Sort by=TNA PROB 11 0254 0366
|Part of=TNA, PROB 11/254
|Description=Registered copy of will of John Munnings, Coller Maker of Whitechapel, Middlesex. Made 1656-02-22 JL. Proved 1656-04-28 JL.
|Catalogue record URL=https://discovery.nationalarchives.gov.uk/details/r/D809899
|Citable reference=PROB 11/254/366
|Proved=1656-04-28 JL
|Earliest existence=1656-02-22 JL
|Created by=Muninges, John (-1656, harness maker)
|Main subject=Muninges, John (-1656, harness maker)
|Type=Will (registered copy)
|In GLAM=The National Archives of the UK (TNA)
|Orderable reference=Download only
|Copyright status=In copyright (unpublished)
|Licence=All rights reserved
|Discovery OGL=Yes
|Signed by=None
|Addressed to=None
}}

==Published versions==
* [https://webarchive.nationalarchives.gov.uk/ukgwa/+/http://yourarchives.nationalarchives.gov.uk/index.php?title=Will_of_John_Munnings_%281656%29 Your Archives: transcript]
</text>
<model>wikitext</model>
<format>text/x-wiki</format>
</revision>
</page>
<page>
<title>TNA, PROB 11/285/313</title>
<ns>0</ns>
<revision>
<timestamp>2025-03-27T10:33:30Z</timestamp>
<contributor>
<username>Gavin</username>
<id>1</id>
</contributor>
<comment>Automatically generated</comment>
<text xml:space="preserve">{{Manuscript text
|Sort by=TNA PROB 11 0285 0313
|Part of=TNA, PROB 11/285
|Description=Registered copy of will of Thomas Skinner, Leatherseller of Saint Mary Magdalen Bermondsey in Southwark,.... Made 1658-09-06 JL. Proved 1658-12-15 JL.
|Catalogue record URL=https://discovery.nationalarchives.gov.uk/details/r/D832785
|Citable reference=PROB 11/285/313
|Proved=1658-12-15 JL
|Earliest existence=1658-09-06 JL
|Created by=Skinner, Thomas (-1658, harness maker)
|Main subject=Skinner, Thomas (-1658, harness maker)
|Type=Will (registered copy)
|In GLAM=The National Archives of the UK (TNA)
|Orderable reference=Download only
|Copyright status=In copyright (unpublished)
|Licence=All rights reserved
|Discovery OGL=Yes
|Signed by=None
|Addressed to=None
}}

==Published versions==
* [https://webarchive.nationalarchives.gov.uk/ukgwa/+/http://yourarchives.nationalarchives.gov.uk/index.php?title=Will_of_Thomas_Skinner_%281658%29 Your Archives: transcript]
</text>
<model>wikitext</model>
<format>text/x-wiki</format>
</revision>
</page>
<page>
<title>TNA, PROB 11/305/171</title>
<ns>0</ns>
<revision>
<timestamp>2025-03-27T10:33:30Z</timestamp>
<contributor>
<username>Gavin</username>
<id>1</id>
</contributor>
<comment>Automatically generated</comment>
<text xml:space="preserve">{{Manuscript text
|Sort by=TNA PROB 11 0305 0171
|Part of=TNA, PROB 11/305
|Description=Registered copy of will of Richard Beighton, Sadler of Saint Stephen Coleman Street, City of London. Made 1661-05-30 JL. Proved 1661-07-27 JL.
|Catalogue record URL=https://discovery.nationalarchives.gov.uk/details/r/D838387
|Citable reference=PROB 11/305/171
|Proved=1661-07-27 JL
|Earliest existence=1661-05-30 JL
|Created by=Beighton, Richard (-1661, saddler)
|Main subject=Beighton, Richard (-1661, saddler)
|Type=Will (registered copy)
|In GLAM=The National Archives of the UK (TNA)
|Orderable reference=Download only
|Copyright status=In copyright (unpublished)
|Licence=All rights reserved
|Discovery OGL=Yes
|Signed by=None
|Addressed to=None
}}

==Published versions==
* [https://webarchive.nationalarchives.gov.uk/ukgwa/+/http://yourarchives.nationalarchives.gov.uk/index.php?title=Will_of_Richard_Beighton_%281661%29 Your Archives: transcript]
</text>
<model>wikitext</model>
<format>text/x-wiki</format>
</revision>
</page>
<page>
<title>TNA, PROB 11/306/120</title>
<ns>0</ns>
<revision>
<timestamp>2025-03-27T10:33:30Z</timestamp>
<contributor>
<username>Gavin</username>
<id>1</id>
</contributor>
<comment>Automatically generated</comment>
<text xml:space="preserve">{{Manuscript text
|Sort by=TNA PROB 11 0306 0120
|Part of=TNA, PROB 11/306
|Description=Registered copy of will of William Deacon, Sadler of London. Made 1661-10-02 JL. Proved 1661-11-02 JL.
|Catalogue record URL=https://discovery.nationalarchives.gov.uk/details/r/D895608
|Citable reference=PROB 11/306/120
|Proved=1661-11-02 JL
|Earliest existence=1661-10-02 JL
|Created by=Deacon, William (-1661, saddler)
|Main subject=Deacon, William (-1661, saddler)
|Type=Will (registered copy)
|In GLAM=The National Archives of the UK (TNA)
|Orderable reference=Download only
|Copyright status=In copyright (unpublished)
|Licence=All rights reserved
|Discovery OGL=Yes
|Signed by=None
|Addressed to=None
}}

==Published versions==
* [https://webarchive.nationalarchives.gov.uk/ukgwa/+/http://yourarchives.nationalarchives.gov.uk/index.php?title=Will_of_William_Deacon_%281661%29 Your Archives: transcript]
</text>
<model>wikitext</model>
<format>text/x-wiki</format>
</revision>
</page>
<page>
<title>TNA, PROB 11/308/30</title>
<ns>0</ns>
<revision>
<timestamp>2025-03-27T10:33:30Z</timestamp>
<contributor>
<username>Gavin</username>
<id>1</id>
</contributor>
<comment>Automatically generated</comment>
<text xml:space="preserve">{{Manuscript text
|Sort by=TNA PROB 11 0308 0030
|Part of=TNA, PROB 11/308
|Description=Registered copy of will of George Robinson, Sadler of Saint Botolph without Aldgate, City of London. Made 1661-12-02 JL. Proved 1662-04-19 JL.
|Catalogue record URL=https://discovery.nationalarchives.gov.uk/details/r/D839576
|Citable reference=PROB 11/308/30
|Proved=1662-04-19 JL
|Earliest existence=1661-12-02 JL
|Created by=Robinson, George (saddler)
|Main subject=Robinson, George (saddler)
|Type=Will (registered copy)
|In GLAM=The National Archives of the UK (TNA)
|Orderable reference=Download only
|Copyright status=In copyright (unpublished)
|Licence=All rights reserved
|Discovery OGL=Yes
|Signed by=None
|Addressed to=None
}}</text>
<model>wikitext</model>
<format>text/x-wiki</format>
</revision>
</page>
<page>
<title>TNA, PROB 11/310/414</title>
<ns>0</ns>
<revision>
<timestamp>2025-03-27T10:33:30Z</timestamp>
<contributor>
<username>Gavin</username>
<id>1</id>
</contributor>
<comment>Automatically generated</comment>
<text xml:space="preserve">{{Manuscript text
|Sort by=TNA PROB 11 0310 0414
|Part of=TNA, PROB 11/310
|Description=Registered copy of will of Robert Hawkes, Sadler of Saint Clement Danes, Middlesex. Made 1663-01-28 JL. Proved 1663-03-16 JL.
|Catalogue record URL=https://discovery.nationalarchives.gov.uk/details/r/D766839
|Citable reference=PROB 11/310/414
|Proved=1663-03-16 JL
|Earliest existence=1663-01-28 JL
|Created by=Hawks, Robert (-1663, saddler)
|Main subject=Hawks, Robert (-1663, saddler)
|Type=Will (registered copy)
|In GLAM=The National Archives of the UK (TNA)
|Orderable reference=Download only
|Copyright status=In copyright (unpublished)
|Licence=All rights reserved
|Discovery OGL=Yes
|Signed by=None
|Addressed to=None
}}

==Published versions==
* [https://webarchive.nationalarchives.gov.uk/ukgwa/+/http://yourarchives.nationalarchives.gov.uk/index.php?title=Will_of_Robert_Hawkes_(1663) Your Archives: transcript]
</text>
<model>wikitext</model>
<format>text/x-wiki</format>
</revision>
</page>
<page>
<title>TNA, PROB 11/317/688</title>
<ns>0</ns>
<revision>
<timestamp>2025-03-27T10:33:30Z</timestamp>
<contributor>
<username>Gavin</username>
<id>1</id>
</contributor>
<comment>Automatically generated</comment>
<text xml:space="preserve">{{Manuscript text
|Sort by=TNA PROB 11 0317 0688
|Part of=TNA, PROB 11/317
|Description=Registered copy of will of Sarah Rawlinson, Widow of London. Made 1665-09-01 JL. Proved 1665-09-30 JL.
|Catalogue record URL=https://discovery.nationalarchives.gov.uk/details/r/D768820
|Citable reference=PROB 11/317/688
|Proved=1665-09-30 JL
|Earliest existence=1665-09-01 JL
|Created by=Rawlinson, Sarah (-1665, saddler)
|Main subject=Rawlinson, Sarah (-1665, saddler);Rallinson, Nathanell (saddler)
|Type=Will (registered copy)
|In GLAM=The National Archives of the UK (TNA)
|Orderable reference=Download only
|Copyright status=In copyright (unpublished)
|Licence=All rights reserved
|Discovery OGL=Yes
|Signed by=None
|Addressed to=None
}}

==Published versions==
* [https://webarchive.nationalarchives.gov.uk/ukgwa/+/http://yourarchives.nationalarchives.gov.uk/index.php?title=Will_of_Sarah_Rawlinson_%281665%29 Your Archives: transcript]
</text>
<model>wikitext</model>
<format>text/x-wiki</format>
</revision>
</page>
<page>
<title>TNA, PROB 11/338/449</title>
<ns>0</ns>
<revision>
<timestamp>2025-03-27T10:33:30Z</timestamp>
<contributor>
<username>Gavin</username>
<id>1</id>
</contributor>
<comment>Automatically generated</comment>
<text xml:space="preserve">{{Manuscript text
|Sort by=TNA PROB 11 0338 0449
|Part of=TNA, PROB 11/338
|Description=Registered copy of will of Daniel Charlwood, Gentleman of Egham, Surrey. Made 1671-08-31 JL. Proved 1672-04-12 JL.
|Catalogue record URL=https://discovery.nationalarchives.gov.uk/details/r/D3374869
|Citable reference=PROB 11/338/449
|Proved=1672-04-12 JL
|Earliest existence=1671-08-31 JL
|Created by=Charlwood, Daniel (gent, Egham, Surrey)
|Main subject=Charlwood, Daniel (gent, Egham, Surrey)
|Type=Will (registered copy)
|In GLAM=The National Archives of the UK (TNA)
|Orderable reference=Download only
|Copyright status=In copyright (unpublished)
|Licence=All rights reserved
|Discovery OGL=Yes
|Signed by=None
|Addressed to=None
}}</text>
<model>wikitext</model>
<format>text/x-wiki</format>
</revision>
</page>
<page>
<title>TNA, PROB 11/347/404</title>
<ns>0</ns>
<revision>
<timestamp>2025-03-27T10:33:30Z</timestamp>
<contributor>
<username>Gavin</username>
<id>1</id>
</contributor>
<comment>Automatically generated</comment>
<text xml:space="preserve">{{Manuscript text
|Sort by=TNA PROB 11 0347 0404
|Part of=TNA, PROB 11/347
|Description=Registered copy of nuncupative will of Henry Foe of Saint Botolph without Aldgate London. Made 1674-04-19 JL. Proved 1675-04-13 JL.
|Catalogue record URL=https://discovery.nationalarchives.gov.uk/details/r/D655257
|Citable reference=PROB 11/347/404
|Proved=1675-04-13 JL
|Earliest existence=1674-04-19 JL
|Created by=Foe, Henry (saddler)
|Main subject=Foe, Henry (saddler)
|Type=Will (registered copy)
|In GLAM=The National Archives of the UK (TNA)
|Orderable reference=Download only
|Copyright status=In copyright (unpublished)
|Licence=All rights reserved
|Discovery OGL=Yes
|Signed by=None
|Addressed to=None
}}

==Published versions==
* [https://webarchive.nationalarchives.gov.uk/ukgwa/+/http://yourarchives.nationalarchives.gov.uk/index.php?title=Will_of_Henry_Foe_of_Saint_Botolph_without_Aldgate_London_%281675%29 Your Archives: transcript]
</text>
<model>wikitext</model>
<format>text/x-wiki</format>
</revision>
</page>
<page>
<title>TNA, PROB 11/350/299</title>
<ns>0</ns>
<revision>
<timestamp>2025-03-27T10:33:30Z</timestamp>
<contributor>
<username>Gavin</username>
<id>1</id>
</contributor>
<comment>Automatically generated</comment>
<text xml:space="preserve">{{Manuscript text
|Sort by=TNA PROB 11 0350 0299
|Part of=TNA, PROB 11/350
|Description=Registered copy of will of Lionell Copley of Wadworth, Yorkshire. Made 1675-11-20 JL. Proved 1676-02-26 JL.
|Catalogue record URL=https://discovery.nationalarchives.gov.uk/details/r/D716095
|Citable reference=PROB 11/350/299
|Proved=1676-02-26 JL
|Earliest existence=1675-11-20 JL
|Created by=Copley, Lionel (-1675, ironmaster)
|Main subject=Copley, Lionel (-1675, ironmaster)
|Type=Will (registered copy)
|In GLAM=The National Archives of the UK (TNA)
|Orderable reference=Download only
|Copyright status=In copyright (unpublished)
|Licence=All rights reserved
|Discovery OGL=Yes
|Signed by=None
|Addressed to=None
}}</text>
<model>wikitext</model>
<format>text/x-wiki</format>
</revision>
</page>
<page>
<title>TNA, PROB 11/355/196</title>
<ns>0</ns>
<revision>
<timestamp>2025-03-27T10:33:30Z</timestamp>
<contributor>
<username>Gavin</username>
<id>1</id>
</contributor>
<comment>Automatically generated</comment>
<text xml:space="preserve">{{Manuscript text
|Sort by=TNA PROB 11 0355 0196
|Part of=TNA, PROB 11/355
|Description=Registered copy of will of Robert Chevall, Saddler of London. Made 1676-11-25 JL. Proved 1677-11-01 JL.
|Catalogue record URL=https://discovery.nationalarchives.gov.uk/details/r/D749800
|Citable reference=PROB 11/355/196
|Proved=1677-11-01 JL
|Earliest existence=1676-11-25 JL
|Created by=Chevall, Robert (saddler)
|Main subject=Chevall, Robert (saddler)
|Type=Will (registered copy)
|In GLAM=The National Archives of the UK (TNA)
|Orderable reference=Download only
|Copyright status=In copyright (unpublished)
|Licence=All rights reserved
|Discovery OGL=Yes
|Signed by=None
|Addressed to=None
}}</text>
<model>wikitext</model>
<format>text/x-wiki</format>
</revision>
</page>
<page>
<title>TNA, PROB 11/362/15</title>
<ns>0</ns>
<revision>
<timestamp>2025-03-27T10:33:30Z</timestamp>
<contributor>
<username>Gavin</username>
<id>1</id>
</contributor>
<comment>Automatically generated</comment>
<text xml:space="preserve">{{Manuscript text
|Sort by=TNA PROB 11 0362 0015
|Part of=TNA, PROB 11/362
|Description=Registered copy of will of Daniell Potter, Sadler of London. Made 1679-12-12 JL. Proved 1680-01-03 JL.
|Catalogue record URL=https://discovery.nationalarchives.gov.uk/details/r/D3385316
|Citable reference=PROB 11/362/15
|Proved=1680-01-03 JL
|Earliest existence=1679-12-12 JL
|Created by=Potter, Daniel junior (saddler)
|Main subject=Potter, Daniel junior (saddler)
|Type=Will (registered copy)
|In GLAM=The National Archives of the UK (TNA)
|Orderable reference=Download only
|Copyright status=In copyright (unpublished)
|Licence=All rights reserved
|Discovery OGL=Yes
|Signed by=None
|Addressed to=None
}}

==Published versions==
* [https://webarchive.nationalarchives.gov.uk/ukgwa/+/http://yourarchives.nationalarchives.gov.uk/index.php?title=Will_of_Daniell_Potter_%281680%29 Your Archives: transcript]
</text>
<model>wikitext</model>
<format>text/x-wiki</format>
</revision>
</page>
<page>
<title>TNA, PROB 11/366/135</title>
<ns>0</ns>
<revision>
<timestamp>2025-03-27T10:33:30Z</timestamp>
<contributor>
<username>Gavin</username>
<id>1</id>
</contributor>
<comment>Automatically generated</comment>
<text xml:space="preserve">{{Manuscript text
|Sort by=TNA PROB 11 0366 0135
|Part of=TNA, PROB 11/366
|Description=Registered copy of will of William Chevall, Saddler of London. Made 1680-01-28 JL. Proved 1681-04-19 JL.
|Catalogue record URL=https://discovery.nationalarchives.gov.uk/details/r/D752696
|Citable reference=PROB 11/366/135
|Proved=1681-04-19 JL
|Earliest existence=1680-01-28 JL
|Created by=Chevall, William (saddler)
|Main subject=Chevall, William (saddler)
|Type=Will (registered copy)
|In GLAM=The National Archives of the UK (TNA)
|Orderable reference=Download only
|Copyright status=In copyright (unpublished)
|Licence=All rights reserved
|Discovery OGL=Yes
|Signed by=None
|Addressed to=None
}}

==Published versions==
* [https://webarchive.nationalarchives.gov.uk/ukgwa/+/http://yourarchives.nationalarchives.gov.uk/index.php?title=Will_of_William_Chevall_%281681%29 Your Archives: transcript]
</text>
<model>wikitext</model>
<format>text/x-wiki</format>
</revision>
</page>
<page>
<title>TNA, PROB 11/369/334</title>
<ns>0</ns>
<revision>
<timestamp>2025-03-27T10:33:30Z</timestamp>
<contributor>
<username>Gavin</username>
<id>1</id>
</contributor>
<comment>Automatically generated</comment>
<text xml:space="preserve">{{Manuscript text
|Sort by=TNA PROB 11 0369 0334
|Part of=TNA, PROB 11/369
|Description=Registered copy of will of John Houghton, Sadler of London. Made 1681-11-22 JL. Proved 1682-03-06 JL.
|Catalogue record URL=https://discovery.nationalarchives.gov.uk/details/r/D893510
|Citable reference=PROB 11/369/334
|Proved=1682-03-06 JL
|Earliest existence=1681-11-22 JL
|Created by=Houghton, John (saddler)
|Main subject=Houghton, John (saddler)
|Type=Will (registered copy)
|In GLAM=The National Archives of the UK (TNA)
|Orderable reference=Download only
|Copyright status=In copyright (unpublished)
|Licence=All rights reserved
|Discovery OGL=Yes
|Signed by=None
|Addressed to=None
}}</text>
<model>wikitext</model>
<format>text/x-wiki</format>
</revision>
</page>
<page>
<title>TNA, PROB 11/373/131</title>
<ns>0</ns>
<revision>
<timestamp>2025-03-27T10:33:30Z</timestamp>
<contributor>
<username>Gavin</username>
<id>1</id>
</contributor>
<comment>Automatically generated</comment>
<text xml:space="preserve">{{Manuscript text
|Sort by=TNA PROB 11 0373 0131
|Part of=TNA, PROB 11/373
|Description=Registered copy of will of William Pease, Sadler of Saint Botolph without Aldersgate, City of London. Made 1682-12-23 JL. Proved 1683-05-22 JL.
|Catalogue record URL=https://discovery.nationalarchives.gov.uk/details/r/D755839
|Citable reference=PROB 11/373/131
|Proved=1683-05-22 JL
|Earliest existence=1682-12-23 JL
|Created by=Pease, William junior (saddler)
|Main subject=Pease, William junior (saddler)
|Type=Will (registered copy)
|In GLAM=The National Archives of the UK (TNA)
|Orderable reference=Download only
|Copyright status=In copyright (unpublished)
|Licence=All rights reserved
|Discovery OGL=Yes
|Signed by=None
|Addressed to=None
}}</text>
<model>wikitext</model>
<format>text/x-wiki</format>
</revision>
</page>
<page>
<title>TNA, PROB 11/390/312</title>
<ns>0</ns>
<revision>
<timestamp>2025-03-27T10:33:30Z</timestamp>
<contributor>
<username>Gavin</username>
<id>1</id>
</contributor>
<comment>Automatically generated</comment>
<text xml:space="preserve">{{Manuscript text
|Sort by=TNA PROB 11 0390 0312
|Part of=TNA, PROB 11/390
|Description=Registered copy of will of Valentine Stuckey, Vintner of London. Made 1687-09-20 JL. Proved 1688-03-08 JL.
|Catalogue record URL=https://discovery.nationalarchives.gov.uk/details/r/D737968
|Citable reference=PROB 11/390/312
|Proved=1688-03-08 JL
|Earliest existence=1687-09-20 JL
|Created by=Stuckey, Valentine 2 (vintner)
|Main subject=Stuckey, Valentine 2 (vintner)
|Type=Will (registered copy)
|In GLAM=The National Archives of the UK (TNA)
|Orderable reference=Download only
|Copyright status=In copyright (unpublished)
|Licence=All rights reserved
|Discovery OGL=Yes
|Signed by=None
|Addressed to=None
}}</text>
<model>wikitext</model>
<format>text/x-wiki</format>
</revision>
</page>
<page>
<title>TNA, PROB 11/394/17</title>
<ns>0</ns>
<revision>
<timestamp>2025-03-27T10:33:30Z</timestamp>
<contributor>
<username>Gavin</username>
<id>1</id>
</contributor>
<comment>Automatically generated</comment>
<text xml:space="preserve">{{Manuscript text
|Sort by=TNA PROB 11 0394 0017
|Part of=TNA, PROB 11/394
|Description=Registered copy of will of Mary Stuckey, Widow of Saint Martin in the Fields, Middlesex. Made 1688-11-26 JL. Proved 1689-01-03 JL.
|Catalogue record URL=https://discovery.nationalarchives.gov.uk/details/r/D730008
|Citable reference=PROB 11/394/17
|Proved=1689-01-03 JL
|Earliest existence=1688-11-26 JL
|Created by=Stuckey, Mary (nee Charlwood)
|Main subject=Stuckey, Mary (nee Charlwood)
|Type=Will (registered copy)
|In GLAM=The National Archives of the UK (TNA)
|Orderable reference=Download only
|Copyright status=In copyright (unpublished)
|Licence=All rights reserved
|Discovery OGL=Yes
|Signed by=None
|Addressed to=None
}}

==Published versions==
* [https://webarchive.nationalarchives.gov.uk/ukgwa/+/http://yourarchives.nationalarchives.gov.uk/index.php?title=Will_of_Mary_Stuckey,_Widow_of_Saint_Martin_in_the_Fields,_Middlesex_(1689) Your Archives: transcript]
</text>
<model>wikitext</model>
<format>text/x-wiki</format>
</revision>
</page>
<page>
<title>TNA, PROB 11/410/401</title>
<ns>0</ns>
<revision>
<timestamp>2025-03-27T10:33:30Z</timestamp>
<contributor>
<username>Gavin</username>
<id>1</id>
</contributor>
<comment>Automatically generated</comment>
<text xml:space="preserve">{{Manuscript text
|Sort by=TNA PROB 11 0410 0401
|Part of=TNA, PROB 11/410
|Description=Registered copy of will of Gilbert Wharton, Apothecary of Saint Paul Covent Garden, Middlesex. Made 1690-04-26 JL. Proved 1692-07-14 JL.
|Catalogue record URL=https://discovery.nationalarchives.gov.uk/details/r/D761505
|Citable reference=PROB 11/410/401
|Proved=1692-07-14 JL
|Earliest existence=1690-04-26 JL
|Created by=Wharton, Gilibert (apothecary)
|Main subject=Wharton, Gilibert (apothecary)
|Type=Will (registered copy)
|In GLAM=The National Archives of the UK (TNA)
|Orderable reference=Download only
|Copyright status=In copyright (unpublished)
|Licence=All rights reserved
|Discovery OGL=Yes
|Signed by=None
|Addressed to=None
}}</text>
<model>wikitext</model>
<format>text/x-wiki</format>
</revision>
</page>
</mediawiki>