<mediawiki xmlns="http://www.mediawiki.org/xml/export-0.10/" xmlns:xsi="http://www.w3.org/2001/XMLSchema-instance" xsi:schemaLocation="http://www.mediawiki.org/xml/export-0.10/ http://www.mediawiki.org/xml/export-0.10.xsd" version="0.10" xml:lang="en-GB">
<siteinfo>
<sitename>By The Sword Linked</sitename>
<dbname>bytheswo_lbcwdb</dbname>
<base>https://www.bytheswordlinked.uk/wiki/Main_Page</base>
<generator>MediaWiki 1.31.1</generator>
<case>first-letter</case>
<namespaces>
<namespace key="-2" case="first-letter">Media</namespace>
<namespace key="-1" case="first-letter">Special</namespace>
<namespace key="0" case="first-letter" />
<namespace key="1" case="first-letter">Talk</namespace>
<namespace key="2" case="first-letter">User</namespace>
<namespace key="3" case="first-letter">User talk</namespace>
<namespace key="4" case="first-letter">Project</namespace>
<namespace key="5" case="first-letter">Project talk</namespace>
<namespace key="6" case="first-letter">File</namespace>
<namespace key="7" case="first-letter">File talk</namespace>
<namespace key="8" case="first-letter">MediaWiki</namespace>
<namespace key="9" case="first-letter">MediaWiki talk</namespace>
<namespace key="10" case="first-letter">Template</namespace>
<namespace key="11" case="first-letter">Template talk</namespace>
<namespace key="12" case="first-letter">Help</namespace>
<namespace key="13" case="first-letter">Help talk</namespace>
<namespace key="14" case="first-letter">Category</namespace>
<namespace key="15" case="first-letter">Category talk</namespace>
<namespace key="102" case="first-letter">Property</namespace>
<namespace key="103" case="first-letter">Property talk</namespace>
<namespace key="106" case="first-letter">Form</namespace>
<namespace key="107" case="first-letter">Form talk</namespace>
<namespace key="108" case="first-letter">Concept</namespace>
<namespace key="109" case="first-letter">Concept talk</namespace>
<namespace key="112" case="first-letter">smw/schema</namespace>
<namespace key="113" case="first-letter">smw/schema talk</namespace>
<namespace key="114" case="first-letter">Rule</namespace>
<namespace key="115" case="first-letter">Rule talk</namespace>
<namespace key="420" case="first-letter">GeoJson</namespace>
<namespace key="421" case="first-letter">GeoJson talk</namespace>
<namespace key="3000" case="first-letter">Locations</namespace>
<namespace key="3001" case="first-letter">Locations talk</namespace>
<namespace key="3002" case="first-letter">Events</namespace>
<namespace key="3003" case="first-letter">Events talk</namespace>
</namespaces>
</siteinfo><page>
<title>TNA, E 121/1</title>
<ns>0</ns>
<revision>
<timestamp>2025-03-27T10:33:11Z</timestamp>
<contributor>
<username>Gavin</username>
<id>1</id>
</contributor>
<comment>Automatically generated</comment>
<text xml:space="preserve">{{Collection
|Sort by=TNA E 121 1
|Part of=TNA, E 121
|Description=Certificates for sale of crown land to pay army arrears: Bedfordshire-Cumberland. 1 box, 7 parts.
|Type=Collection
|In GLAM=The National Archives of the UK (TNA)
|Citable Reference=E 121/1
|Orderable reference=See lower levels
|Main subject=See lower levels
|Discovery OGL=No
}}</text>
<model>wikitext</model>
<format>text/x-wiki</format>
</revision>
</page>
<page>
<title>TNA, E 121/1/1</title>
<ns>0</ns>
<revision>
<timestamp>2025-03-27T10:33:11Z</timestamp>
<contributor>
<username>Gavin</username>
<id>1</id>
</contributor>
<comment>Automatically generated</comment>
<text xml:space="preserve">{{Collection
|Sort by=TNA E 121 1 01
|Part of=TNA, E 121/1
|Description=Certificates for sale of crown land to pay army arrears: Bedfordshire.
|Type=Collection
|Catalogue record URL=https://discovery.nationalarchives.gov.uk/details/r/C3040739
|In GLAM=The National Archives of the UK (TNA)
|Citable Reference=E 121/1/1
|Orderable reference=E 121/1/1
|Main subject=Bedfordshire, England
|Discovery OGL=Yes
}}</text>
<model>wikitext</model>
<format>text/x-wiki</format>
</revision>
</page>
<page>
<title>TNA, E 121/1/2</title>
<ns>0</ns>
<revision>
<timestamp>2025-03-27T10:33:11Z</timestamp>
<contributor>
<username>Gavin</username>
<id>1</id>
</contributor>
<comment>Automatically generated</comment>
<text xml:space="preserve">{{Collection
|Sort by=TNA E 121 1 02
|Part of=TNA, E 121/1
|Description=Certificates for sale of crown land to pay army arrears: Berkshire.
|Type=Collection
|Catalogue record URL=https://discovery.nationalarchives.gov.uk/details/r/C3040740
|In GLAM=The National Archives of the UK (TNA)
|Citable Reference=E 121/1/2
|Orderable reference=E 121/1/2
|Main subject=Berkshire, England
|Discovery OGL=Yes
}}</text>
<model>wikitext</model>
<format>text/x-wiki</format>
</revision>
</page>
<page>
<title>TNA, E 121/1/3</title>
<ns>0</ns>
<revision>
<timestamp>2025-03-27T10:33:11Z</timestamp>
<contributor>
<username>Gavin</username>
<id>1</id>
</contributor>
<comment>Automatically generated</comment>
<text xml:space="preserve">{{Collection
|Sort by=TNA E 121 1 03
|Part of=TNA, E 121/1
|Description=Certificates for sale of crown land to pay army arrears: Buckinghamshire.
|Type=Collection
|Catalogue record URL=https://discovery.nationalarchives.gov.uk/details/r/C3040741
|In GLAM=The National Archives of the UK (TNA)
|Citable Reference=E 121/1/3
|Orderable reference=E 121/1/3
|Main subject=Buckinghamshire, England
|Discovery OGL=Yes
}}</text>
<model>wikitext</model>
<format>text/x-wiki</format>
</revision>
</page>
<page>
<title>TNA, E 121/1/4</title>
<ns>0</ns>
<revision>
<timestamp>2025-03-27T10:33:11Z</timestamp>
<contributor>
<username>Gavin</username>
<id>1</id>
</contributor>
<comment>Automatically generated</comment>
<text xml:space="preserve">{{Collection
|Sort by=TNA E 121 1 04
|Part of=TNA, E 121/1
|Description=Certificates for sale of crown land to pay army arrears: Cambridgeshire.
|Type=Collection
|Catalogue record URL=https://discovery.nationalarchives.gov.uk/details/r/C3040742
|In GLAM=The National Archives of the UK (TNA)
|Citable Reference=E 121/1/4
|Orderable reference=E 121/1/4
|Main subject=Cambridgeshire, England
|Discovery OGL=Yes
}}</text>
<model>wikitext</model>
<format>text/x-wiki</format>
</revision>
</page>
<page>
<title>TNA, E 121/1/5</title>
<ns>0</ns>
<revision>
<timestamp>2025-03-27T10:33:11Z</timestamp>
<contributor>
<username>Gavin</username>
<id>1</id>
</contributor>
<comment>Automatically generated</comment>
<text xml:space="preserve">{{Collection
|Sort by=TNA E 121 1 05
|Part of=TNA, E 121/1
|Description=Certificates for sale of crown land to pay army arrears: Cheshire.
|Type=Collection
|Catalogue record URL=https://discovery.nationalarchives.gov.uk/details/r/C3040743
|In GLAM=The National Archives of the UK (TNA)
|Citable Reference=E 121/1/5
|Orderable reference=E 121/1/5
|Main subject=Cheshire, England
|Discovery OGL=Yes
}}</text>
<model>wikitext</model>
<format>text/x-wiki</format>
</revision>
</page>
<page>
<title>TNA, E 121/1/6</title>
<ns>0</ns>
<revision>
<timestamp>2025-03-27T10:33:11Z</timestamp>
<contributor>
<username>Gavin</username>
<id>1</id>
</contributor>
<comment>Automatically generated</comment>
<text xml:space="preserve">{{Collection
|Sort by=TNA E 121 1 06
|Part of=TNA, E 121/1
|Description=Certificates for sale of crown land to pay army arrears: Cornwall. See also SP 28/289
|Type=Collection
|Catalogue record URL=https://discovery.nationalarchives.gov.uk/details/r/C3040744
|In GLAM=The National Archives of the UK (TNA)
|Citable Reference=E 121/1/6
|Orderable reference=E 121/1/6
|Main subject=Cornwall, England
|Discovery OGL=Yes
}}</text>
<model>wikitext</model>
<format>text/x-wiki</format>
</revision>
</page>
<page>
<title>TNA, E 121/1/7</title>
<ns>0</ns>
<revision>
<timestamp>2025-03-27T10:33:11Z</timestamp>
<contributor>
<username>Gavin</username>
<id>1</id>
</contributor>
<comment>Automatically generated</comment>
<text xml:space="preserve">{{Collection
|Sort by=TNA E 121 1 07
|Part of=TNA, E 121/1
|Description=Certificates for sale of crown land to pay army arrears: Cumberland.
|Type=Collection
|Catalogue record URL=https://discovery.nationalarchives.gov.uk/details/r/C3040745
|In GLAM=The National Archives of the UK (TNA)
|Citable Reference=E 121/1/7
|Orderable reference=E 121/1/7
|Main subject=Cumberland, England
|Discovery OGL=Yes
}}</text>
<model>wikitext</model>
<format>text/x-wiki</format>
</revision>
</page>
<page>
<title>TNA, E 121/2</title>
<ns>0</ns>
<revision>
<timestamp>2025-03-27T10:33:11Z</timestamp>
<contributor>
<username>Gavin</username>
<id>1</id>
</contributor>
<comment>Automatically generated</comment>
<text xml:space="preserve">{{Collection
|Sort by=TNA E 121 2
|Part of=TNA, E 121
|Description=Certificates for sale of crown land to pay army arrears: Derbyshire-Kent. 1 box, 11 parts.
|Type=Collection
|In GLAM=The National Archives of the UK (TNA)
|Citable Reference=E 121/2
|Orderable reference=See lower levels
|Main subject=See lower levels
|Discovery OGL=No
}}</text>
<model>wikitext</model>
<format>text/x-wiki</format>
</revision>
</page>
<page>
<title>TNA, E 121/2/1</title>
<ns>0</ns>
<revision>
<timestamp>2025-03-27T10:33:11Z</timestamp>
<contributor>
<username>Gavin</username>
<id>1</id>
</contributor>
<comment>Automatically generated</comment>
<text xml:space="preserve">{{Collection
|Sort by=TNA E 121 2 01
|Part of=TNA, E 121/2
|Description=Certificates for sale of crown land to pay army arrears: Derby.
|Type=Collection
|Catalogue record URL=https://discovery.nationalarchives.gov.uk/details/r/C3040746
|In GLAM=The National Archives of the UK (TNA)
|Citable Reference=E 121/2/1
|Orderable reference=E 121/2/1
|Main subject=Derbyshire, England
|Discovery OGL=Yes
}}</text>
<model>wikitext</model>
<format>text/x-wiki</format>
</revision>
</page>
<page>
<title>TNA, E 121/2/2</title>
<ns>0</ns>
<revision>
<timestamp>2025-03-27T10:33:11Z</timestamp>
<contributor>
<username>Gavin</username>
<id>1</id>
</contributor>
<comment>Automatically generated</comment>
<text xml:space="preserve">{{Collection
|Sort by=TNA E 121 2 02
|Part of=TNA, E 121/2
|Description=Certificates for sale of crown land to pay army arrears: Devon. See also SP 28/289
|Type=Collection
|Catalogue record URL=https://discovery.nationalarchives.gov.uk/details/r/C3040747
|In GLAM=The National Archives of the UK (TNA)
|Citable Reference=E 121/2/2
|Orderable reference=E 121/2/2
|Main subject=Devon, England
|Discovery OGL=Yes
}}</text>
<model>wikitext</model>
<format>text/x-wiki</format>
</revision>
</page>
<page>
<title>TNA, E 121/2/3</title>
<ns>0</ns>
<revision>
<timestamp>2025-03-27T10:33:11Z</timestamp>
<contributor>
<username>Gavin</username>
<id>1</id>
</contributor>
<comment>Automatically generated</comment>
<text xml:space="preserve">{{Collection
|Sort by=TNA E 121 2 03
|Part of=TNA, E 121/2
|Description=Certificates for sale of crown land to pay army arrears: Dorset.
|Type=Collection
|Catalogue record URL=https://discovery.nationalarchives.gov.uk/details/r/C3040748
|In GLAM=The National Archives of the UK (TNA)
|Citable Reference=E 121/2/3
|Orderable reference=E 121/2/3
|Main subject=Dorset, England
|Discovery OGL=Yes
}}</text>
<model>wikitext</model>
<format>text/x-wiki</format>
</revision>
</page>
<page>
<title>TNA, E 121/2/4</title>
<ns>0</ns>
<revision>
<timestamp>2025-03-27T10:33:11Z</timestamp>
<contributor>
<username>Gavin</username>
<id>1</id>
</contributor>
<comment>Automatically generated</comment>
<text xml:space="preserve">{{Collection
|Sort by=TNA E 121 2 04
|Part of=TNA, E 121/2
|Description=Certificates for sale of crown land to pay army arrears: Durham.
|Type=Collection
|Catalogue record URL=https://discovery.nationalarchives.gov.uk/details/r/C3040749
|In GLAM=The National Archives of the UK (TNA)
|Citable Reference=E 121/2/4
|Orderable reference=E 121/2/4
|Main subject=Durham (county), England
|Discovery OGL=Yes
}}</text>
<model>wikitext</model>
<format>text/x-wiki</format>
</revision>
</page>
<page>
<title>TNA, E 121/2/5</title>
<ns>0</ns>
<revision>
<timestamp>2025-03-27T10:33:11Z</timestamp>
<contributor>
<username>Gavin</username>
<id>1</id>
</contributor>
<comment>Automatically generated</comment>
<text xml:space="preserve">{{Collection
|Sort by=TNA E 121 2 05
|Part of=TNA, E 121/2
|Description=Certificates for sale of crown land to pay army arrears: Essex.
|Type=Collection
|Catalogue record URL=https://discovery.nationalarchives.gov.uk/details/r/C3040750
|In GLAM=The National Archives of the UK (TNA)
|Citable Reference=E 121/2/5
|Orderable reference=E 121/2/5
|Main subject=Essex, England
|Discovery OGL=Yes
}}</text>
<model>wikitext</model>
<format>text/x-wiki</format>
</revision>
</page>
<page>
<title>TNA, E 121/2/6</title>
<ns>0</ns>
<revision>
<timestamp>2025-03-27T10:33:11Z</timestamp>
<contributor>
<username>Gavin</username>
<id>1</id>
</contributor>
<comment>Automatically generated</comment>
<text xml:space="preserve">{{Collection
|Sort by=TNA E 121 2 06
|Part of=TNA, E 121/2
|Description=Certificates for sale of crown land to pay army arrears: Gloucestershire.
|Type=Collection
|Catalogue record URL=https://discovery.nationalarchives.gov.uk/details/r/C3040751
|In GLAM=The National Archives of the UK (TNA)
|Citable Reference=E 121/2/6
|Orderable reference=E 121/2/6
|Main subject=Gloucestershire, England
|Discovery OGL=Yes
}}</text>
<model>wikitext</model>
<format>text/x-wiki</format>
</revision>
</page>
<page>
<title>TNA, E 121/2/7</title>
<ns>0</ns>
<revision>
<timestamp>2025-03-27T10:33:11Z</timestamp>
<contributor>
<username>Gavin</username>
<id>1</id>
</contributor>
<comment>Automatically generated</comment>
<text xml:space="preserve">{{Collection
|Sort by=TNA E 121 2 07
|Part of=TNA, E 121/2
|Description=Certificates for sale of crown land to pay army arrears: Hampshire.
|Type=Collection
|Catalogue record URL=https://discovery.nationalarchives.gov.uk/details/r/C3040752
|In GLAM=The National Archives of the UK (TNA)
|Citable Reference=E 121/2/7
|Orderable reference=E 121/2/7
|Main subject=Hampshire, England
|Discovery OGL=Yes
}}</text>
<model>wikitext</model>
<format>text/x-wiki</format>
</revision>
</page>
<page>
<title>TNA, E 121/2/8</title>
<ns>0</ns>
<revision>
<timestamp>2025-03-27T10:33:11Z</timestamp>
<contributor>
<username>Gavin</username>
<id>1</id>
</contributor>
<comment>Automatically generated</comment>
<text xml:space="preserve">{{Collection
|Sort by=TNA E 121 2 08
|Part of=TNA, E 121/2
|Description=Certificates for sale of crown land to pay army arrears: Herefordshire.
|Type=Collection
|Catalogue record URL=https://discovery.nationalarchives.gov.uk/details/r/C3040753
|In GLAM=The National Archives of the UK (TNA)
|Citable Reference=E 121/2/8
|Orderable reference=E 121/2/8
|Main subject=Herefordshire, England
|Discovery OGL=Yes
}}</text>
<model>wikitext</model>
<format>text/x-wiki</format>
</revision>
</page>
<page>
<title>TNA, E 121/2/9</title>
<ns>0</ns>
<revision>
<timestamp>2025-03-27T10:33:11Z</timestamp>
<contributor>
<username>Gavin</username>
<id>1</id>
</contributor>
<comment>Automatically generated</comment>
<text xml:space="preserve">{{Collection
|Sort by=TNA E 121 2 09
|Part of=TNA, E 121/2
|Description=Certificates for sale of crown land to pay army arrears: Hertfordshire.
|Type=Collection
|Catalogue record URL=https://discovery.nationalarchives.gov.uk/details/r/C3040754
|In GLAM=The National Archives of the UK (TNA)
|Citable Reference=E 121/2/9
|Orderable reference=E 121/2/9
|Main subject=Hertfordshire, England
|Discovery OGL=Yes
}}</text>
<model>wikitext</model>
<format>text/x-wiki</format>
</revision>
</page>
<page>
<title>TNA, E 121/2/10</title>
<ns>0</ns>
<revision>
<timestamp>2025-03-27T10:33:11Z</timestamp>
<contributor>
<username>Gavin</username>
<id>1</id>
</contributor>
<comment>Automatically generated</comment>
<text xml:space="preserve">{{Collection
|Sort by=TNA E 121 2 10
|Part of=TNA, E 121/2
|Description=Certificates for sale of crown land to pay army arrears: Huntingdonshire.
|Type=Collection
|Catalogue record URL=https://discovery.nationalarchives.gov.uk/details/r/C3040755
|In GLAM=The National Archives of the UK (TNA)
|Citable Reference=E 121/2/10
|Orderable reference=E 121/2/10
|Main subject=Huntingdonshire, England
|Discovery OGL=Yes
}}</text>
<model>wikitext</model>
<format>text/x-wiki</format>
</revision>
</page>
<page>
<title>TNA, E 121/2/11</title>
<ns>0</ns>
<revision>
<timestamp>2025-03-27T10:33:11Z</timestamp>
<contributor>
<username>Gavin</username>
<id>1</id>
</contributor>
<comment>Automatically generated</comment>
<text xml:space="preserve">{{Collection
|Sort by=TNA E 121 2 11
|Part of=TNA, E 121/2
|Description=Certificates for sale of crown land to pay army arrears: Kent.
|Type=Collection
|Catalogue record URL=https://discovery.nationalarchives.gov.uk/details/r/C3040756
|In GLAM=The National Archives of the UK (TNA)
|Citable Reference=E 121/2/11
|Orderable reference=E 121/2/11
|Main subject=Kent, England
|Discovery OGL=Yes
}}</text>
<model>wikitext</model>
<format>text/x-wiki</format>
</revision>
</page>
<page>
<title>TNA, E 121/3</title>
<ns>0</ns>
<revision>
<timestamp>2025-03-27T10:33:11Z</timestamp>
<contributor>
<username>Gavin</username>
<id>1</id>
</contributor>
<comment>Automatically generated</comment>
<text xml:space="preserve">{{Collection
|Sort by=TNA E 121 3
|Part of=TNA, E 121
|Description=Certificates for sale of crown land to pay army arrears: Lancashire-Norfolk. 1 box, 6 parts.
|Type=Collection
|In GLAM=The National Archives of the UK (TNA)
|Citable Reference=E 121/3
|Orderable reference=See lower levels
|Main subject=See lower levels
|Discovery OGL=No
}}</text>
<model>wikitext</model>
<format>text/x-wiki</format>
</revision>
</page>
<page>
<title>TNA, E 121/3/1</title>
<ns>0</ns>
<revision>
<timestamp>2025-03-27T10:33:11Z</timestamp>
<contributor>
<username>Gavin</username>
<id>1</id>
</contributor>
<comment>Automatically generated</comment>
<text xml:space="preserve">{{Collection
|Sort by=TNA E 121 3 01
|Part of=TNA, E 121/3
|Description=Certificates for sale of crown land to pay army arrears: Lancashire.
|Type=Collection
|Catalogue record URL=https://discovery.nationalarchives.gov.uk/details/r/C3040757
|In GLAM=The National Archives of the UK (TNA)
|Citable Reference=E 121/3/1
|Orderable reference=E 121/3/1
|Main subject=Lancashire, England
|Discovery OGL=Yes
}}</text>
<model>wikitext</model>
<format>text/x-wiki</format>
</revision>
</page>
<page>
<title>TNA, E 121/3/2</title>
<ns>0</ns>
<revision>
<timestamp>2025-03-27T10:33:11Z</timestamp>
<contributor>
<username>Gavin</username>
<id>1</id>
</contributor>
<comment>Automatically generated</comment>
<text xml:space="preserve">{{Collection
|Sort by=TNA E 121 3 02
|Part of=TNA, E 121/3
|Description=Certificates for sale of crown land to pay army arrears: Leicestershire.
|Type=Collection
|Catalogue record URL=https://discovery.nationalarchives.gov.uk/details/r/C3040758
|In GLAM=The National Archives of the UK (TNA)
|Citable Reference=E 121/3/2
|Orderable reference=E 121/3/2
|Main subject=Leicestershire, England
|Discovery OGL=Yes
}}</text>
<model>wikitext</model>
<format>text/x-wiki</format>
</revision>
</page>
<page>
<title>TNA, E 121/3/3</title>
<ns>0</ns>
<revision>
<timestamp>2025-03-27T10:33:11Z</timestamp>
<contributor>
<username>Gavin</username>
<id>1</id>
</contributor>
<comment>Automatically generated</comment>
<text xml:space="preserve">{{Collection
|Sort by=TNA E 121 3 03
|Part of=TNA, E 121/3
|Description=Certificates for sale of crown land to pay army arrears: Lincolnshire.
|Type=Collection
|Catalogue record URL=https://discovery.nationalarchives.gov.uk/details/r/C3040759
|In GLAM=The National Archives of the UK (TNA)
|Citable Reference=E 121/3/3
|Orderable reference=E 121/3/3
|Main subject=Lincolnshire, England
|Discovery OGL=Yes
}}</text>
<model>wikitext</model>
<format>text/x-wiki</format>
</revision>
</page>
<page>
<title>TNA, E 121/3/4</title>
<ns>0</ns>
<revision>
<timestamp>2025-03-27T10:33:11Z</timestamp>
<contributor>
<username>Gavin</username>
<id>1</id>
</contributor>
<comment>Automatically generated</comment>
<text xml:space="preserve">{{Collection
|Sort by=TNA E 121 3 04
|Part of=TNA, E 121/3
|Description=Certificates for sale of crown land to pay army arrears: Middlesex.
|Type=Collection
|Catalogue record URL=https://discovery.nationalarchives.gov.uk/details/r/C3040760
|In GLAM=The National Archives of the UK (TNA)
|Citable Reference=E 121/3/4
|Orderable reference=E 121/3/4
|Main subject=Middlesex, England
|Discovery OGL=Yes
}}</text>
<model>wikitext</model>
<format>text/x-wiki</format>
</revision>
</page>
<page>
<title>TNA, E 121/3/5</title>
<ns>0</ns>
<revision>
<timestamp>2025-03-27T10:33:11Z</timestamp>
<contributor>
<username>Gavin</username>
<id>1</id>
</contributor>
<comment>Automatically generated</comment>
<text xml:space="preserve">{{Collection
|Sort by=TNA E 121 3 05
|Part of=TNA, E 121/3
|Description=Certificates for sale of crown land to pay army arrears: Monmouthshire.
|Type=Collection
|Catalogue record URL=https://discovery.nationalarchives.gov.uk/details/r/C3040761
|In GLAM=The National Archives of the UK (TNA)
|Citable Reference=E 121/3/5
|Orderable reference=E 121/3/5
|Main subject=Monmouthshire, Wales
|Discovery OGL=Yes
}}</text>
<model>wikitext</model>
<format>text/x-wiki</format>
</revision>
</page>
<page>
<title>TNA, E 121/3/6</title>
<ns>0</ns>
<revision>
<timestamp>2025-03-27T10:33:11Z</timestamp>
<contributor>
<username>Gavin</username>
<id>1</id>
</contributor>
<comment>Automatically generated</comment>
<text xml:space="preserve">{{Collection
|Sort by=TNA E 121 3 06
|Part of=TNA, E 121/3
|Description=Certificates for sale of crown land to pay army arrears: Norfolk.
|Type=Collection
|Catalogue record URL=https://discovery.nationalarchives.gov.uk/details/r/C3040762
|In GLAM=The National Archives of the UK (TNA)
|Citable Reference=E 121/3/6
|Orderable reference=E 121/3/6
|Main subject=Norfolk, England
|Discovery OGL=Yes
}}</text>
<model>wikitext</model>
<format>text/x-wiki</format>
</revision>
</page>
<page>
<title>TNA, E 121/4</title>
<ns>0</ns>
<revision>
<timestamp>2025-03-27T10:33:11Z</timestamp>
<contributor>
<username>Gavin</username>
<id>1</id>
</contributor>
<comment>Automatically generated</comment>
<text xml:space="preserve">{{Collection
|Sort by=TNA E 121 4
|Part of=TNA, E 121
|Description=Certificates for sale of crown land to pay army arrears: Northamptonshire-Sussex. 1 box, 9 parts.
|Type=Collection
|In GLAM=The National Archives of the UK (TNA)
|Citable Reference=E 121/4
|Orderable reference=See lower levels
|Main subject=See lower levels
|Discovery OGL=No
}}</text>
<model>wikitext</model>
<format>text/x-wiki</format>
</revision>
</page>
<page>
<title>TNA, E 121/4/1</title>
<ns>0</ns>
<revision>
<timestamp>2025-03-27T10:33:11Z</timestamp>
<contributor>
<username>Gavin</username>
<id>1</id>
</contributor>
<comment>Automatically generated</comment>
<text xml:space="preserve">{{Collection
|Sort by=TNA E 121 4 01
|Part of=TNA, E 121/4
|Description=Certificates for sale of crown land to pay army arrears: Northamptonshire. See also SP 28/289
|Type=Collection
|Catalogue record URL=https://discovery.nationalarchives.gov.uk/details/r/C3040763
|In GLAM=The National Archives of the UK (TNA)
|Citable Reference=E 121/4/1
|Orderable reference=E 121/4/1
|Main subject=Northamptonshire, England
|Discovery OGL=Yes
}}</text>
<model>wikitext</model>
<format>text/x-wiki</format>
</revision>
</page>
<page>
<title>TNA, E 121/4/2</title>
<ns>0</ns>
<revision>
<timestamp>2025-03-27T10:33:11Z</timestamp>
<contributor>
<username>Gavin</username>
<id>1</id>
</contributor>
<comment>Automatically generated</comment>
<text xml:space="preserve">{{Collection
|Sort by=TNA E 121 4 02
|Part of=TNA, E 121/4
|Description=Certificates for sale of crown land to pay army arrears: Nottinghamshire.
|Type=Collection
|Catalogue record URL=https://discovery.nationalarchives.gov.uk/details/r/C3040764
|In GLAM=The National Archives of the UK (TNA)
|Citable Reference=E 121/4/2
|Orderable reference=E 121/4/2
|Main subject=Nottinghamshire, England
|Discovery OGL=Yes
}}</text>
<model>wikitext</model>
<format>text/x-wiki</format>
</revision>
</page>
<page>
<title>TNA, E 121/4/3</title>
<ns>0</ns>
<revision>
<timestamp>2025-03-27T10:33:11Z</timestamp>
<contributor>
<username>Gavin</username>
<id>1</id>
</contributor>
<comment>Automatically generated</comment>
<text xml:space="preserve">{{Collection
|Sort by=TNA E 121 4 03
|Part of=TNA, E 121/4
|Description=Certificates for sale of crown land to pay army arrears: Oxfordshire.
|Type=Collection
|Catalogue record URL=https://discovery.nationalarchives.gov.uk/details/r/C3040765
|In GLAM=The National Archives of the UK (TNA)
|Citable Reference=E 121/4/3
|Orderable reference=E 121/4/3
|Main subject=Oxfordshire, England
|Discovery OGL=Yes
}}</text>
<model>wikitext</model>
<format>text/x-wiki</format>
</revision>
</page>
<page>
<title>TNA, E 121/4/4</title>
<ns>0</ns>
<revision>
<timestamp>2025-03-27T10:33:11Z</timestamp>
<contributor>
<username>Gavin</username>
<id>1</id>
</contributor>
<comment>Automatically generated</comment>
<text xml:space="preserve">{{Collection
|Sort by=TNA E 121 4 04
|Part of=TNA, E 121/4
|Description=Certificates for sale of crown land to pay army arrears: Shropshire.
|Type=Collection
|Catalogue record URL=https://discovery.nationalarchives.gov.uk/details/r/C3040766
|In GLAM=The National Archives of the UK (TNA)
|Citable Reference=E 121/4/4
|Orderable reference=E 121/4/4
|Main subject=Shropshire, England
|Discovery OGL=Yes
}}</text>
<model>wikitext</model>
<format>text/x-wiki</format>
</revision>
</page>
<page>
<title>TNA, E 121/4/5</title>
<ns>0</ns>
<revision>
<timestamp>2025-03-27T10:33:11Z</timestamp>
<contributor>
<username>Gavin</username>
<id>1</id>
</contributor>
<comment>Automatically generated</comment>
<text xml:space="preserve">{{Collection
|Sort by=TNA E 121 4 05
|Part of=TNA, E 121/4
|Description=Certificates for sale of crown land to pay army arrears: Somerset.
|Type=Collection
|Catalogue record URL=https://discovery.nationalarchives.gov.uk/details/r/C3040767
|In GLAM=The National Archives of the UK (TNA)
|Citable Reference=E 121/4/5
|Orderable reference=E 121/4/5
|Main subject=Somerset, England
|Discovery OGL=Yes
}}</text>
<model>wikitext</model>
<format>text/x-wiki</format>
</revision>
</page>
<page>
<title>TNA, E 121/4/6</title>
<ns>0</ns>
<revision>
<timestamp>2025-03-27T10:33:11Z</timestamp>
<contributor>
<username>Gavin</username>
<id>1</id>
</contributor>
<comment>Automatically generated</comment>
<text xml:space="preserve">{{Collection
|Sort by=TNA E 121 4 06
|Part of=TNA, E 121/4
|Description=Certificates for sale of crown land to pay army arrears: Staffordshire.
|Type=Collection
|Catalogue record URL=https://discovery.nationalarchives.gov.uk/details/r/C3040768
|In GLAM=The National Archives of the UK (TNA)
|Citable Reference=E 121/4/6
|Orderable reference=E 121/4/6
|Main subject=Staffordshire, England
|Discovery OGL=Yes
}}</text>
<model>wikitext</model>
<format>text/x-wiki</format>
</revision>
</page>
<page>
<title>TNA, E 121/4/7</title>
<ns>0</ns>
<revision>
<timestamp>2025-03-27T10:33:11Z</timestamp>
<contributor>
<username>Gavin</username>
<id>1</id>
</contributor>
<comment>Automatically generated</comment>
<text xml:space="preserve">{{Collection
|Sort by=TNA E 121 4 07
|Part of=TNA, E 121/4
|Description=Certificates for sale of crown land to pay army arrears: Suffolk.
|Type=Collection
|Catalogue record URL=https://discovery.nationalarchives.gov.uk/details/r/C3040769
|In GLAM=The National Archives of the UK (TNA)
|Citable Reference=E 121/4/7
|Orderable reference=E 121/4/7
|Main subject=Suffolk, England
|Discovery OGL=Yes
}}</text>
<model>wikitext</model>
<format>text/x-wiki</format>
</revision>
</page>
<page>
<title>TNA, E 121/4/8</title>
<ns>0</ns>
<revision>
<timestamp>2025-03-27T10:33:11Z</timestamp>
<contributor>
<username>Gavin</username>
<id>1</id>
</contributor>
<comment>Automatically generated</comment>
<text xml:space="preserve">{{Collection
|Sort by=TNA E 121 4 08
|Part of=TNA, E 121/4
|Description=Certificates for sale of crown land to pay army arrears: Surrey.
|Type=Collection
|Catalogue record URL=https://discovery.nationalarchives.gov.uk/details/r/C3040770
|In GLAM=The National Archives of the UK (TNA)
|Citable Reference=E 121/4/8
|Orderable reference=E 121/4/8
|Main subject=Surrey, England
|Discovery OGL=Yes
}}</text>
<model>wikitext</model>
<format>text/x-wiki</format>
</revision>
</page>
<page>
<title>TNA, E 121/4/9</title>
<ns>0</ns>
<revision>
<timestamp>2025-03-27T10:33:11Z</timestamp>
<contributor>
<username>Gavin</username>
<id>1</id>
</contributor>
<comment>Automatically generated</comment>
<text xml:space="preserve">{{Collection
|Sort by=TNA E 121 4 09
|Part of=TNA, E 121/4
|Description=Certificates for sale of crown land to pay army arrears: Sussex.
|Type=Collection
|Catalogue record URL=https://discovery.nationalarchives.gov.uk/details/r/C3040771
|In GLAM=The National Archives of the UK (TNA)
|Citable Reference=E 121/4/9
|Orderable reference=E 121/4/9
|Main subject=Sussex, England
|Discovery OGL=Yes
}}</text>
<model>wikitext</model>
<format>text/x-wiki</format>
</revision>
</page>
<page>
<title>TNA, E 121/5</title>
<ns>0</ns>
<revision>
<timestamp>2025-03-27T10:33:11Z</timestamp>
<contributor>
<username>Gavin</username>
<id>1</id>
</contributor>
<comment>Automatically generated</comment>
<text xml:space="preserve">{{Collection
|Sort by=TNA E 121 5
|Part of=TNA, E 121
|Description=Certificates for sale of crown land to pay army arrears: Warwickshire-Yorkshire, Wales, and various counties. 1 box, 7 parts.
|Type=Collection
|In GLAM=The National Archives of the UK (TNA)
|Citable Reference=E 121/5
|Orderable reference=See lower levels
|Main subject=See lower levels
|Discovery OGL=No
}}</text>
<model>wikitext</model>
<format>text/x-wiki</format>
</revision>
</page>
<page>
<title>TNA, E 121/5/1</title>
<ns>0</ns>
<revision>
<timestamp>2025-03-27T10:33:11Z</timestamp>
<contributor>
<username>Gavin</username>
<id>1</id>
</contributor>
<comment>Automatically generated</comment>
<text xml:space="preserve">{{Collection
|Sort by=TNA E 121 5 01
|Part of=TNA, E 121/5
|Description=Certificates for sale of crown land to pay army arrears: Warwickshire.
|Type=Collection
|Catalogue record URL=https://discovery.nationalarchives.gov.uk/details/r/C3040772
|In GLAM=The National Archives of the UK (TNA)
|Citable Reference=E 121/5/1
|Orderable reference=E 121/5/1
|Main subject=Warwickshire, England
|Discovery OGL=Yes
}}</text>
<model>wikitext</model>
<format>text/x-wiki</format>
</revision>
</page>
<page>
<title>TNA, E 121/5/2</title>
<ns>0</ns>
<revision>
<timestamp>2025-03-27T10:33:11Z</timestamp>
<contributor>
<username>Gavin</username>
<id>1</id>
</contributor>
<comment>Automatically generated</comment>
<text xml:space="preserve">{{Collection
|Sort by=TNA E 121 5 02
|Part of=TNA, E 121/5
|Description=Certificates for sale of crown land to pay army arrears: Westmorland. See also SP 28/289
|Type=Collection
|Catalogue record URL=https://discovery.nationalarchives.gov.uk/details/r/C3040773
|In GLAM=The National Archives of the UK (TNA)
|Citable Reference=E 121/5/2
|Orderable reference=E 121/5/2
|Main subject=Westmorland, England
|Discovery OGL=Yes
}}</text>
<model>wikitext</model>
<format>text/x-wiki</format>
</revision>
</page>
<page>
<title>TNA, E 121/5/3</title>
<ns>0</ns>
<revision>
<timestamp>2025-03-27T10:33:11Z</timestamp>
<contributor>
<username>Gavin</username>
<id>1</id>
</contributor>
<comment>Automatically generated</comment>
<text xml:space="preserve">{{Collection
|Sort by=TNA E 121 5 03
|Part of=TNA, E 121/5
|Description=Certificates for sale of crown land to pay army arrears: Wiltshire. See also SP 28/289
|Type=Collection
|Catalogue record URL=https://discovery.nationalarchives.gov.uk/details/r/C3040774
|In GLAM=The National Archives of the UK (TNA)
|Citable Reference=E 121/5/3
|Orderable reference=E 121/5/3
|Main subject=Wiltshire, England
|Discovery OGL=Yes
}}</text>
<model>wikitext</model>
<format>text/x-wiki</format>
</revision>
</page>
<page>
<title>TNA, E 121/5/4</title>
<ns>0</ns>
<revision>
<timestamp>2025-03-27T10:33:11Z</timestamp>
<contributor>
<username>Gavin</username>
<id>1</id>
</contributor>
<comment>Automatically generated</comment>
<text xml:space="preserve">{{Collection
|Sort by=TNA E 121 5 04
|Part of=TNA, E 121/5
|Description=Certificates for sale of crown land to pay army arrears: Worcestershire.
|Type=Collection
|Catalogue record URL=https://discovery.nationalarchives.gov.uk/details/r/C3040775
|In GLAM=The National Archives of the UK (TNA)
|Citable Reference=E 121/5/4
|Orderable reference=E 121/5/4
|Main subject=Worcestershire, England
|Discovery OGL=Yes
}}</text>
<model>wikitext</model>
<format>text/x-wiki</format>
</revision>
</page>
<page>
<title>TNA, E 121/5/5</title>
<ns>0</ns>
<revision>
<timestamp>2025-03-27T10:33:11Z</timestamp>
<contributor>
<username>Gavin</username>
<id>1</id>
</contributor>
<comment>Automatically generated</comment>
<text xml:space="preserve">{{Collection
|Sort by=TNA E 121 5 05
|Part of=TNA, E 121/5
|Description=Certificates for sale of crown land to pay army arrears: Yorkshire.
|Type=Collection
|Catalogue record URL=https://discovery.nationalarchives.gov.uk/details/r/C3040776
|In GLAM=The National Archives of the UK (TNA)
|Citable Reference=E 121/5/5
|Orderable reference=E 121/5/5
|Main subject=Yorkshire, England
|Discovery OGL=Yes
}}</text>
<model>wikitext</model>
<format>text/x-wiki</format>
</revision>
</page>
<page>
<title>TNA, E 121/5/6</title>
<ns>0</ns>
<revision>
<timestamp>2025-03-27T10:33:11Z</timestamp>
<contributor>
<username>Gavin</username>
<id>1</id>
</contributor>
<comment>Automatically generated</comment>
<text xml:space="preserve">{{Collection
|Sort by=TNA E 121 5 06
|Part of=TNA, E 121/5
|Description=Certificates for sale of crown land to pay army arrears: Wales.
|Type=Collection
|Catalogue record URL=https://discovery.nationalarchives.gov.uk/details/r/C3040777
|In GLAM=The National Archives of the UK (TNA)
|Citable Reference=E 121/5/6
|Orderable reference=E 121/5/6
|Main subject=Wales;Pye\Tomlinson's Horse Regiment, NMA
|Discovery OGL=Yes
}}</text>
<model>wikitext</model>
<format>text/x-wiki</format>
</revision>
</page>
<page>
<title>TNA, E 121/5/7</title>
<ns>0</ns>
<revision>
<timestamp>2025-03-27T10:33:11Z</timestamp>
<contributor>
<username>Gavin</username>
<id>1</id>
</contributor>
<comment>Automatically generated</comment>
<text xml:space="preserve">{{Collection
|Sort by=TNA E 121 5 07
|Part of=TNA, E 121/5
|Description=Certificates for sale of crown land to pay army arrears: Various counties, including a contemporary loose index by county.
|Type=Collection
|Catalogue record URL=https://discovery.nationalarchives.gov.uk/details/r/C3040778
|In GLAM=The National Archives of the UK (TNA)
|Citable Reference=E 121/5/7
|Orderable reference=E 121/5/7
|Discovery OGL=Yes
}}</text>
<model>wikitext</model>
<format>text/x-wiki</format>
</revision>
</page>
</mediawiki>