RedirFrom	RedirTo	SortBy	Cats
Bodleian Library, Add. C. 132	Bodleian Library, MS Add. C. 132		
Bodleian Library, Add. C. 247	Bodleian Library, MS Add. C. 247		
Bodleian Library, Add. D. 114	Bodleian Library, MS Add. D. 114		
Bodleian Library, Ashmole 830	Bodleian Library, MS Ashmole 830		
Bodleian Library, Eng. hist. c. 14	Bodleian Library, MS Eng. hist. c. 14		
Bodleian Library, Eng. hist. c. 244	Bodleian Library, MS Eng. hist. c. 244		
Bodleian Library, Eng. hist. c. 64-65	Bodleian Library, MS Eng. hist. c. 64-65		
Bodleian Library, Eng. lett. c. 196	Bodleian Library, MS Eng. lett. c. 196		
Bodleian Library, Eng. lett. c. 411	Bodleian Library, MS Eng. lett. c. 411		
Bodleian Library, Eng. lett. c. 589	Bodleian Library, MS Eng. lett. c. 589		
Bodleian Library, Eng. lett. c. 589, ff. 75-88	Bodleian Library, MS Eng. lett. c. 589, ff. 75-88		
Bodleian Library, Eng. misc. c. 882	Bodleian Library, MS Eng. misc. c. 882		
Bodleian Library, Eng. misc. e. 13	Bodleian Library, MS Eng. misc. e. 13		
Bodleian Library, Fairfax 32	Bodleian Library, MS Fairfax 32		
Bodleian Library, Firth c.6-8	Bodleian Library, MS Firth c.6-8		
Bodleian Library, Rawlinson A	Bodleian Library, MS Rawlinson A		
Bodleian Library, Rawlinson B	Bodleian Library, MS Rawlinson B		
Bodleian Library, Rawlinson C	Bodleian Library, MS Rawlinson C		
Bodleian Library, Rawlinson D	Bodleian Library, MS Rawlinson D		
Bodleian Library, Top. Bucks. c. 11	Bodleian Library, MS Top. Bucks. c. 11		
