PageName	Sort by	Part of	Description	Catalogue record URL	Citable reference	Proved	Earliest existence	Created by	Main subject	Type	In GLAM	Orderable reference	Copyright status	Licence	Discovery OGL	Signed by	Addressed to
TNA, PROB 11/188/92	TNA PROB 11 0188 0092	TNA, PROB 11/188	Registered copy of will of Edmond Sheppard or Shepard, Saddler of London. Made 1642-01-28 JL. Proved 1642-02-01 JL.	https://discovery.nationalarchives.gov.uk/details/r/D856085	PROB 11/188/92	1642-02-01 JL	1642-01-28 JL	Sheppard, Edmond (saddler)	Sheppard, Edmond (saddler)	Will (registered copy)	The National Archives of the UK (TNA)	Download only	In copyright (unpublished)	All rights reserved	Yes	None	None
TNA, PROB 11/190/460	TNA PROB 11 0190 0460	TNA, PROB 11/190	Registered copy of will of Edward Berry of Canterbury, Kent. Made 1642-09-11 JL. Proved 1642-12-14 JL.	https://discovery.nationalarchives.gov.uk/details/r/D984175	PROB 11/190/460	1642-12-14 JL	1642-09-11 JL	Berry, Edward (-1642, P officer)	Berry, Edward (-1642, P officer)	Will (registered copy)	The National Archives of the UK (TNA)	Download only	In copyright (unpublished)	All rights reserved	Yes	None	None
TNA, PROB 11/190/485	TNA PROB 11 0190 0485	TNA, PROB 11/190	Registered copy of will of Edwyn Sandys of Northbourne, Kent. Made 1642-09-09 JL. Proved 1642-12-30 JL.	https://discovery.nationalarchives.gov.uk/details/r/D984161	PROB 11/190/485	1642-12-30 JL	1642-09-09 JL	Sandys, Edwin (-1642, P officer)	Sandys, Edwin (-1642, P officer)	Will (registered copy)	The National Archives of the UK (TNA)	Download only	In copyright (unpublished)	All rights reserved	Yes	None	None
TNA, PROB 11/192/8	TNA PROB 11 0192 0008	TNA, PROB 11/192	Registered copy of will of Arthur Goodwin or Goodwyn of Upper Winchendon, Buckinghamshire. Made 1639-02-06 JL. Proved 1644-11-11 JL.	https://discovery.nationalarchives.gov.uk/details/r/D857131	PROB 11/192/8	1644-11-11 JL	1639-02-06 JL	Goodwin, Arthur (MP)	Goodwin, Arthur (MP)	Will (registered copy)	The National Archives of the UK (TNA)	Download only	In copyright (unpublished)	All rights reserved	Yes	None	None
TNA, PROB 11/192/226	TNA PROB 11 0192 0226	TNA, PROB 11/192	Registered copy of will of Ellis Parry, Sadler of London. Made 1644-10-23 JL. Proved 1645-01-13 JL.	https://discovery.nationalarchives.gov.uk/details/r/D857430	PROB 11/192/226	1645-01-13 JL	1644-10-23 JL	Parry, Ellis (saddler)	Parry, Ellis (saddler)	Will (registered copy)	The National Archives of the UK (TNA)	Download only	In copyright (unpublished)	All rights reserved	Yes	None	None
TNA, PROB 11/192/568	TNA PROB 11 0192 0568	TNA, PROB 11/192	Registered copy of nuncupative will of George Austin of University of Oxford, Oxfordshire. Made 1643-05-23 JL. Proved 1645-03-31 JL.	https://discovery.nationalarchives.gov.uk/details/r/D857641	PROB 11/192/568	1645-03-31 JL	1643-05-23 JL	Austin, George (Oxford)	Austin, George (Oxford)	Will (registered copy)	The National Archives of the UK (TNA)	Download only	In copyright (unpublished)	All rights reserved	Yes	None	None
TNA, PROB 11/193/8	TNA PROB 11 0193 0008	TNA, PROB 11/193	Registered copy of will of John Fleming of Great Warley, Essex. Made 1642-09-21 JL. Proved 1645-04-03 JL.	https://discovery.nationalarchives.gov.uk/details/r/D857701	PROB 11/193/8	1645-04-03 JL	1642-09-21 JL	Fleming, John (Great Warley, Essex)	Fleming, John (Great Warley, Essex)	Will (registered copy)	The National Archives of the UK (TNA)	Download only	In copyright (unpublished)	All rights reserved	Yes	None	None
TNA, PROB 11/193/145	TNA PROB 11 0193 0145	TNA, PROB 11/193	Registered copy of will of John Gower, Saddler of Saint Katherine Creechurch, City of London. Made 1644-10-18 JL. Proved 1645-05-09 JL.	https://discovery.nationalarchives.gov.uk/details/r/D857909	PROB 11/193/145	1645-05-09 JL	1644-10-18 JL	Gower, John (saddler)	Gower, John (saddler);Gower, Jane (saddler)	Will (registered copy)	The National Archives of the UK (TNA)	Download only	In copyright (unpublished)	All rights reserved	Yes	None	None
TNA, PROB 11/193/156	TNA PROB 11 0193 0156	TNA, PROB 11/193	Registered copy of nuncupative will of Jecamiah Abercromy, Captain of City of London. Made 1645-03 JL. Proved 1645-05-13 JL.	https://discovery.nationalarchives.gov.uk/details/r/D857877	PROB 11/193/156	1645-05-13 JL	1645-03 JL	Abercromy, Jecamiah (-1645, P officer)	Abercromy, Jecamiah (-1645, P officer)	Will (registered copy)	The National Archives of the UK (TNA)	Download only	In copyright (unpublished)	All rights reserved	Yes	None	None
TNA, PROB 11/195/322	TNA PROB 11 0195 0322	TNA, PROB 11/195	Registered copy of will of John Gunter of Lamphey Court, Pembrokeshire. Made 1638-06-14 JL. Proved 1646-03-05 JL.	https://discovery.nationalarchives.gov.uk/details/r/D876084	PROB 11/195/322	1646-03-05 JL	1638-06-14 JL	Gunter, John (-1643, P officer)	Gunter, John (-1643, P officer)	Will (registered copy)	The National Archives of the UK (TNA)	Download only	In copyright (unpublished)	All rights reserved	Yes	None	None
TNA, PROB 11/201/545	TNA PROB 11 0201 0545	TNA, PROB 11/201	Registered copy of will of Peter Andrewes, Collarmaker of Saint Sepulchre without Newgate, Middlesex. Made 1647-08-17 JL. Proved 1647-09-02 JL.	https://discovery.nationalarchives.gov.uk/details/r/D858824	PROB 11/201/545	1647-09-02 JL	1647-08-17 JL	Andrews, Peter (-1647, harness maker)	Andrews, Peter (-1647, harness maker)	Will (registered copy)	The National Archives of the UK (TNA)	Download only	In copyright (unpublished)	All rights reserved	Yes	None	None
TNA, PROB 11/202/13	TNA PROB 11 0202 0013	TNA, PROB 11/202	Registered copy of will of Joseph Rudson alias Rutson, Cordwainer of London. Made 1646-09-24 JL. Proved 1647-10-02 JL.	https://discovery.nationalarchives.gov.uk/details/r/D859118	PROB 11/202/13	1647-10-02 JL	1646-09-24 JL	Rudson, Joseph (cordwainer)	Rudson, Joseph (cordwainer)	Will (registered copy)	The National Archives of the UK (TNA)	Download only	In copyright (unpublished)	All rights reserved	Yes	None	None
TNA, PROB 11/203/98	TNA PROB 11 0203 0098	TNA, PROB 11/203	Registered copy of will of John Styles, Innholder of London. Made 1647-11-22 JL. Proved 1648-01-17 JL.	https://discovery.nationalarchives.gov.uk/details/r/D859718	PROB 11/203/98	1648-01-17 JL	1647-11-22 JL	Stylls, John (horse dealer)	Stylls, John (horse dealer)	Will (registered copy)	The National Archives of the UK (TNA)	Download only	In copyright (unpublished)	All rights reserved	Yes	None	None
TNA, PROB 11/206/135	TNA PROB 11 0206 0135	TNA, PROB 11/206	Registered copy of nuncupative will of John Meldrum, Colonel. Made 1644-04-08 JL. Proved 1648-11-16 JL.	https://discovery.nationalarchives.gov.uk/details/r/D861074	PROB 11/206/135	1648-11-16 JL	1644-04-08 JL	Meldrum, John, (-1644, P officer)	Meldrum, John, (-1644, P officer)	Will (registered copy)	The National Archives of the UK (TNA)	Download only	In copyright (unpublished)	All rights reserved	Yes	None	None
TNA, PROB 11/213/704	TNA PROB 11 0213 0704	TNA, PROB 11/213	Registered copy of will of Thomas Harrison, Sadler of London. Made 1650-09-10 JL. Proved 1650-10-14 JL.	https://discovery.nationalarchives.gov.uk/details/r/D792227	PROB 11/213/704	1650-10-14 JL	1650-09-10 JL	Harrison, Thomas (-1650, saddler)	Harrison, Thomas (-1650, saddler)	Will (registered copy)	The National Archives of the UK (TNA)	Download only	In copyright (unpublished)	All rights reserved	Yes	None	None
TNA, PROB 11/218/200	TNA PROB 11 0218 0200	TNA, PROB 11/218	Registered copy of will of William Pease, Sadler of Saint Peter Cornhill, City of London. Made 1650-07-15 JL. Proved 1651-09-01 JL.	https://discovery.nationalarchives.gov.uk/details/r/D3384284	PROB 11/218/200	1651-09-01 JL	1650-07-15 JL	Pease, William senior (saddler)	Pease, William senior (saddler)	Will (registered copy)	The National Archives of the UK (TNA)	Download only	In copyright (unpublished)	All rights reserved	Yes	None	None
TNA, PROB 11/224/7	TNA PROB 11 0224 0007	TNA, PROB 11/224	Registered copy of will of Beniamine Potter, Saddler of Saint Sepulchre, City of London. Made 1651-06-28 JL. Proved 1652-04-16 JL.	https://discovery.nationalarchives.gov.uk/details/r/D772739	PROB 11/224/7	1652-04-16 JL	1651-06-28 JL	Potter, Benjamin (saddler)	Potter, Benjamin (saddler)	Will (registered copy)	The National Archives of the UK (TNA)	Download only	In copyright (unpublished)	All rights reserved	Yes	None	None
TNA, PROB 11/233/664	TNA PROB 11 0233 0664	TNA, PROB 11/233	Registered copy of will of John Lane, Grocer of All Hallows Bread Street, City of London. Made 1654-10-10 JL. Proved 1654-12-20 JL.	https://discovery.nationalarchives.gov.uk/details/r/D793085	PROB 11/233/664	1654-12-20 JL	1654-10-10 JL	Lane, John (grocer)	Lane, John (grocer)	Will (registered copy)	The National Archives of the UK (TNA)	Download only	In copyright (unpublished)	All rights reserved	Yes	None	None
TNA, PROB 11/245/131	TNA PROB 11 0245 0131	TNA, PROB 11/245	Registered copy of will of Thomas Webbe or Webb, Saddler of London. Made 1653-09-24 JL. Proved 1655-05-09 JL.	https://discovery.nationalarchives.gov.uk/details/r/D797636	PROB 11/245/131	1655-05-09 JL	1653-09-24 JL	Webb, Thomas (saddler)	Webb, Thomas (saddler)	Will (registered copy)	The National Archives of the UK (TNA)	Download only	In copyright (unpublished)	All rights reserved	Yes	None	None
TNA, PROB 11/249/480	TNA PROB 11 0249 0480	TNA, PROB 11/249	Registered copy of will of William Dash, Yeoman of Hackney, Middlesex. Made 1655-04-18 JL. Proved 1655-04-25 JL.	https://discovery.nationalarchives.gov.uk/details/r/D822429	PROB 11/249/480	1655-04-25 JL	1655-04-18 JL	Dash, William (grasier)	Dash, William (grasier)	Will (registered copy)	The National Archives of the UK (TNA)	Download only	In copyright (unpublished)	All rights reserved	Yes	None	None
TNA, PROB 11/254/366	TNA PROB 11 0254 0366	TNA, PROB 11/254	Registered copy of will of John Munnings, Coller Maker of Whitechapel, Middlesex. Made 1656-02-22 JL. Proved 1656-04-28 JL.	https://discovery.nationalarchives.gov.uk/details/r/D809899	PROB 11/254/366	1656-04-28 JL	1656-02-22 JL	Muninges, John (-1656, harness maker)	Muninges, John (-1656, harness maker)	Will (registered copy)	The National Archives of the UK (TNA)	Download only	In copyright (unpublished)	All rights reserved	Yes	None	None
TNA, PROB 11/285/313	TNA PROB 11 0285 0313	TNA, PROB 11/285	Registered copy of will of Thomas Skinner, Leatherseller of Saint Mary Magdalen Bermondsey in Southwark,.... Made 1658-09-06 JL. Proved 1658-12-15 JL.	https://discovery.nationalarchives.gov.uk/details/r/D832785	PROB 11/285/313	1658-12-15 JL	1658-09-06 JL	Skinner, Thomas (-1658, harness maker)	Skinner, Thomas (-1658, harness maker)	Will (registered copy)	The National Archives of the UK (TNA)	Download only	In copyright (unpublished)	All rights reserved	Yes	None	None
TNA, PROB 11/305/171	TNA PROB 11 0305 0171	TNA, PROB 11/305	Registered copy of will of Richard Beighton, Sadler of Saint Stephen Coleman Street, City of London. Made 1661-05-30 JL. Proved 1661-07-27 JL.	https://discovery.nationalarchives.gov.uk/details/r/D838387	PROB 11/305/171	1661-07-27 JL	1661-05-30 JL	Beighton, Richard (-1661, saddler)	Beighton, Richard (-1661, saddler)	Will (registered copy)	The National Archives of the UK (TNA)	Download only	In copyright (unpublished)	All rights reserved	Yes	None	None
TNA, PROB 11/306/120	TNA PROB 11 0306 0120	TNA, PROB 11/306	Registered copy of will of William Deacon, Sadler of London. Made 1661-10-02 JL. Proved 1661-11-02 JL.	https://discovery.nationalarchives.gov.uk/details/r/D895608	PROB 11/306/120	1661-11-02 JL	1661-10-02 JL	Deacon, William (-1661, saddler)	Deacon, William (-1661, saddler)	Will (registered copy)	The National Archives of the UK (TNA)	Download only	In copyright (unpublished)	All rights reserved	Yes	None	None
TNA, PROB 11/308/30	TNA PROB 11 0308 0030	TNA, PROB 11/308	Registered copy of will of George Robinson, Sadler of Saint Botolph without Aldgate, City of London. Made 1661-12-02 JL. Proved 1662-04-19 JL.	https://discovery.nationalarchives.gov.uk/details/r/D839576	PROB 11/308/30	1662-04-19 JL	1661-12-02 JL	Robinson, George (saddler)	Robinson, George (saddler)	Will (registered copy)	The National Archives of the UK (TNA)	Download only	In copyright (unpublished)	All rights reserved	Yes	None	None
TNA, PROB 11/310/414	TNA PROB 11 0310 0414	TNA, PROB 11/310	Registered copy of will of Robert Hawkes, Sadler of Saint Clement Danes, Middlesex. Made 1663-01-28 JL. Proved 1663-03-16 JL.	https://discovery.nationalarchives.gov.uk/details/r/D766839	PROB 11/310/414	1663-03-16 JL	1663-01-28 JL	Hawks, Robert (-1663, saddler)	Hawks, Robert (-1663, saddler)	Will (registered copy)	The National Archives of the UK (TNA)	Download only	In copyright (unpublished)	All rights reserved	Yes	None	None
TNA, PROB 11/317/688	TNA PROB 11 0317 0688	TNA, PROB 11/317	Registered copy of will of Sarah Rawlinson, Widow of London. Made 1665-09-01 JL. Proved 1665-09-30 JL.	https://discovery.nationalarchives.gov.uk/details/r/D768820	PROB 11/317/688	1665-09-30 JL	1665-09-01 JL	Rawlinson, Sarah (-1665, saddler)	Rawlinson, Sarah (-1665, saddler);Rallinson, Nathanell (saddler)	Will (registered copy)	The National Archives of the UK (TNA)	Download only	In copyright (unpublished)	All rights reserved	Yes	None	None
TNA, PROB 11/338/449	TNA PROB 11 0338 0449	TNA, PROB 11/338	Registered copy of will of Daniel Charlwood, Gentleman of Egham, Surrey. Made 1671-08-31 JL. Proved 1672-04-12 JL.	https://discovery.nationalarchives.gov.uk/details/r/D3374869	PROB 11/338/449	1672-04-12 JL	1671-08-31 JL	Charlwood, Daniel (gent, Egham, Surrey)	Charlwood, Daniel (gent, Egham, Surrey)	Will (registered copy)	The National Archives of the UK (TNA)	Download only	In copyright (unpublished)	All rights reserved	Yes	None	None
TNA, PROB 11/347/404	TNA PROB 11 0347 0404	TNA, PROB 11/347	Registered copy of nuncupative will of Henry Foe of Saint Botolph without Aldgate London. Made 1674-04-19 JL. Proved 1675-04-13 JL.	https://discovery.nationalarchives.gov.uk/details/r/D655257	PROB 11/347/404	1675-04-13 JL	1674-04-19 JL	Foe, Henry (saddler)	Foe, Henry (saddler)	Will (registered copy)	The National Archives of the UK (TNA)	Download only	In copyright (unpublished)	All rights reserved	Yes	None	None
TNA, PROB 11/350/299	TNA PROB 11 0350 0299	TNA, PROB 11/350	Registered copy of will of Lionell Copley of Wadworth, Yorkshire. Made 1675-11-20 JL. Proved 1676-02-26 JL.	https://discovery.nationalarchives.gov.uk/details/r/D716095	PROB 11/350/299	1676-02-26 JL	1675-11-20 JL	Copley, Lionel (-1675, ironmaster)	Copley, Lionel (-1675, ironmaster)	Will (registered copy)	The National Archives of the UK (TNA)	Download only	In copyright (unpublished)	All rights reserved	Yes	None	None
TNA, PROB 11/355/196	TNA PROB 11 0355 0196	TNA, PROB 11/355	Registered copy of will of Robert Chevall, Saddler of London. Made 1676-11-25 JL. Proved 1677-11-01 JL.	https://discovery.nationalarchives.gov.uk/details/r/D749800	PROB 11/355/196	1677-11-01 JL	1676-11-25 JL	Chevall, Robert (saddler)	Chevall, Robert (saddler)	Will (registered copy)	The National Archives of the UK (TNA)	Download only	In copyright (unpublished)	All rights reserved	Yes	None	None
TNA, PROB 11/362/15	TNA PROB 11 0362 0015	TNA, PROB 11/362	Registered copy of will of Daniell Potter, Sadler of London. Made 1679-12-12 JL. Proved 1680-01-03 JL.	https://discovery.nationalarchives.gov.uk/details/r/D3385316	PROB 11/362/15	1680-01-03 JL	1679-12-12 JL	Potter, Daniel junior (saddler)	Potter, Daniel junior (saddler)	Will (registered copy)	The National Archives of the UK (TNA)	Download only	In copyright (unpublished)	All rights reserved	Yes	None	None
TNA, PROB 11/366/135	TNA PROB 11 0366 0135	TNA, PROB 11/366	Registered copy of will of William Chevall, Saddler of London. Made 1680-01-28 JL. Proved 1681-04-19 JL.	https://discovery.nationalarchives.gov.uk/details/r/D752696	PROB 11/366/135	1681-04-19 JL	1680-01-28 JL	Chevall, William (saddler)	Chevall, William (saddler)	Will (registered copy)	The National Archives of the UK (TNA)	Download only	In copyright (unpublished)	All rights reserved	Yes	None	None
TNA, PROB 11/369/334	TNA PROB 11 0369 0334	TNA, PROB 11/369	Registered copy of will of John Houghton, Sadler of London. Made 1681-11-22 JL. Proved 1682-03-06 JL.	https://discovery.nationalarchives.gov.uk/details/r/D893510	PROB 11/369/334	1682-03-06 JL	1681-11-22 JL	Houghton, John (saddler)	Houghton, John (saddler)	Will (registered copy)	The National Archives of the UK (TNA)	Download only	In copyright (unpublished)	All rights reserved	Yes	None	None
TNA, PROB 11/373/131	TNA PROB 11 0373 0131	TNA, PROB 11/373	Registered copy of will of William Pease, Sadler of Saint Botolph without Aldersgate, City of London. Made 1682-12-23 JL. Proved 1683-05-22 JL.	https://discovery.nationalarchives.gov.uk/details/r/D755839	PROB 11/373/131	1683-05-22 JL	1682-12-23 JL	Pease, William junior (saddler)	Pease, William junior (saddler)	Will (registered copy)	The National Archives of the UK (TNA)	Download only	In copyright (unpublished)	All rights reserved	Yes	None	None
TNA, PROB 11/390/312	TNA PROB 11 0390 0312	TNA, PROB 11/390	Registered copy of will of Valentine Stuckey, Vintner of London. Made 1687-09-20 JL. Proved 1688-03-08 JL.	https://discovery.nationalarchives.gov.uk/details/r/D737968	PROB 11/390/312	1688-03-08 JL	1687-09-20 JL	Stuckey, Valentine 2 (vintner)	Stuckey, Valentine 2 (vintner)	Will (registered copy)	The National Archives of the UK (TNA)	Download only	In copyright (unpublished)	All rights reserved	Yes	None	None
TNA, PROB 11/394/17	TNA PROB 11 0394 0017	TNA, PROB 11/394	Registered copy of will of Mary Stuckey, Widow of Saint Martin in the Fields, Middlesex. Made 1688-11-26 JL. Proved 1689-01-03 JL.	https://discovery.nationalarchives.gov.uk/details/r/D730008	PROB 11/394/17	1689-01-03 JL	1688-11-26 JL	Stuckey, Mary (nee Charlwood)	Stuckey, Mary (nee Charlwood)	Will (registered copy)	The National Archives of the UK (TNA)	Download only	In copyright (unpublished)	All rights reserved	Yes	None	None
TNA, PROB 11/410/401	TNA PROB 11 0410 0401	TNA, PROB 11/410	Registered copy of will of Gilbert Wharton, Apothecary of Saint Paul Covent Garden, Middlesex. Made 1690-04-26 JL. Proved 1692-07-14 JL.	https://discovery.nationalarchives.gov.uk/details/r/D761505	PROB 11/410/401	1692-07-14 JL	1690-04-26 JL	Wharton, Gilibert (apothecary)	Wharton, Gilibert (apothecary)	Will (registered copy)	The National Archives of the UK (TNA)	Download only	In copyright (unpublished)	All rights reserved	Yes	None	None
