PageName	Sort by	Part of	Description	Type	Catalogue record URL	In GLAM	Citable Reference	Orderable reference	Main subject	Discovery OGL
TNA, E 121/1	TNA E 121 1	TNA, E 121	Certificates for sale of crown land to pay army arrears: Bedfordshire-Cumberland. 1 box, 7 parts.	Collection		The National Archives of the UK (TNA)	E 121/1	See lower levels	See lower levels	No
TNA, E 121/1/1	TNA E 121 1 01	TNA, E 121/1	Certificates for sale of crown land to pay army arrears: Bedfordshire.	Collection	https://discovery.nationalarchives.gov.uk/details/r/C3040739	The National Archives of the UK (TNA)	E 121/1/1	E 121/1/1	Bedfordshire, England	Yes
TNA, E 121/1/2	TNA E 121 1 02	TNA, E 121/1	Certificates for sale of crown land to pay army arrears: Berkshire.	Collection	https://discovery.nationalarchives.gov.uk/details/r/C3040740	The National Archives of the UK (TNA)	E 121/1/2	E 121/1/2	Berkshire, England	Yes
TNA, E 121/1/3	TNA E 121 1 03	TNA, E 121/1	Certificates for sale of crown land to pay army arrears: Buckinghamshire.	Collection	https://discovery.nationalarchives.gov.uk/details/r/C3040741	The National Archives of the UK (TNA)	E 121/1/3	E 121/1/3	Buckinghamshire, England	Yes
TNA, E 121/1/4	TNA E 121 1 04	TNA, E 121/1	Certificates for sale of crown land to pay army arrears: Cambridgeshire.	Collection	https://discovery.nationalarchives.gov.uk/details/r/C3040742	The National Archives of the UK (TNA)	E 121/1/4	E 121/1/4	Cambridgeshire, England	Yes
TNA, E 121/1/5	TNA E 121 1 05	TNA, E 121/1	Certificates for sale of crown land to pay army arrears: Cheshire.	Collection	https://discovery.nationalarchives.gov.uk/details/r/C3040743	The National Archives of the UK (TNA)	E 121/1/5	E 121/1/5	Cheshire, England	Yes
TNA, E 121/1/6	TNA E 121 1 06	TNA, E 121/1	Certificates for sale of crown land to pay army arrears: Cornwall. See also SP 28/289	Collection	https://discovery.nationalarchives.gov.uk/details/r/C3040744	The National Archives of the UK (TNA)	E 121/1/6	E 121/1/6	Cornwall, England	Yes
TNA, E 121/1/7	TNA E 121 1 07	TNA, E 121/1	Certificates for sale of crown land to pay army arrears: Cumberland.	Collection	https://discovery.nationalarchives.gov.uk/details/r/C3040745	The National Archives of the UK (TNA)	E 121/1/7	E 121/1/7	Cumberland, England	Yes
TNA, E 121/2	TNA E 121 2	TNA, E 121	Certificates for sale of crown land to pay army arrears: Derbyshire-Kent. 1 box, 11 parts.	Collection		The National Archives of the UK (TNA)	E 121/2	See lower levels	See lower levels	No
TNA, E 121/2/1	TNA E 121 2 01	TNA, E 121/2	Certificates for sale of crown land to pay army arrears: Derby.	Collection	https://discovery.nationalarchives.gov.uk/details/r/C3040746	The National Archives of the UK (TNA)	E 121/2/1	E 121/2/1	Derbyshire, England	Yes
TNA, E 121/2/2	TNA E 121 2 02	TNA, E 121/2	Certificates for sale of crown land to pay army arrears: Devon. See also SP 28/289	Collection	https://discovery.nationalarchives.gov.uk/details/r/C3040747	The National Archives of the UK (TNA)	E 121/2/2	E 121/2/2	Devon, England	Yes
TNA, E 121/2/3	TNA E 121 2 03	TNA, E 121/2	Certificates for sale of crown land to pay army arrears: Dorset.	Collection	https://discovery.nationalarchives.gov.uk/details/r/C3040748	The National Archives of the UK (TNA)	E 121/2/3	E 121/2/3	Dorset, England	Yes
TNA, E 121/2/4	TNA E 121 2 04	TNA, E 121/2	Certificates for sale of crown land to pay army arrears: Durham.	Collection	https://discovery.nationalarchives.gov.uk/details/r/C3040749	The National Archives of the UK (TNA)	E 121/2/4	E 121/2/4	Durham (county), England	Yes
TNA, E 121/2/5	TNA E 121 2 05	TNA, E 121/2	Certificates for sale of crown land to pay army arrears: Essex.	Collection	https://discovery.nationalarchives.gov.uk/details/r/C3040750	The National Archives of the UK (TNA)	E 121/2/5	E 121/2/5	Essex, England	Yes
TNA, E 121/2/6	TNA E 121 2 06	TNA, E 121/2	Certificates for sale of crown land to pay army arrears: Gloucestershire.	Collection	https://discovery.nationalarchives.gov.uk/details/r/C3040751	The National Archives of the UK (TNA)	E 121/2/6	E 121/2/6	Gloucestershire, England	Yes
TNA, E 121/2/7	TNA E 121 2 07	TNA, E 121/2	Certificates for sale of crown land to pay army arrears: Hampshire.	Collection	https://discovery.nationalarchives.gov.uk/details/r/C3040752	The National Archives of the UK (TNA)	E 121/2/7	E 121/2/7	Hampshire, England	Yes
TNA, E 121/2/8	TNA E 121 2 08	TNA, E 121/2	Certificates for sale of crown land to pay army arrears: Herefordshire.	Collection	https://discovery.nationalarchives.gov.uk/details/r/C3040753	The National Archives of the UK (TNA)	E 121/2/8	E 121/2/8	Herefordshire, England	Yes
TNA, E 121/2/9	TNA E 121 2 09	TNA, E 121/2	Certificates for sale of crown land to pay army arrears: Hertfordshire.	Collection	https://discovery.nationalarchives.gov.uk/details/r/C3040754	The National Archives of the UK (TNA)	E 121/2/9	E 121/2/9	Hertfordshire, England	Yes
TNA, E 121/2/10	TNA E 121 2 10	TNA, E 121/2	Certificates for sale of crown land to pay army arrears: Huntingdonshire.	Collection	https://discovery.nationalarchives.gov.uk/details/r/C3040755	The National Archives of the UK (TNA)	E 121/2/10	E 121/2/10	Huntingdonshire, England	Yes
TNA, E 121/2/11	TNA E 121 2 11	TNA, E 121/2	Certificates for sale of crown land to pay army arrears: Kent.	Collection	https://discovery.nationalarchives.gov.uk/details/r/C3040756	The National Archives of the UK (TNA)	E 121/2/11	E 121/2/11	Kent, England	Yes
TNA, E 121/3	TNA E 121 3	TNA, E 121	Certificates for sale of crown land to pay army arrears: Lancashire-Norfolk. 1 box, 6 parts.	Collection		The National Archives of the UK (TNA)	E 121/3	See lower levels	See lower levels	No
TNA, E 121/3/1	TNA E 121 3 01	TNA, E 121/3	Certificates for sale of crown land to pay army arrears: Lancashire.	Collection	https://discovery.nationalarchives.gov.uk/details/r/C3040757	The National Archives of the UK (TNA)	E 121/3/1	E 121/3/1	Lancashire, England	Yes
TNA, E 121/3/2	TNA E 121 3 02	TNA, E 121/3	Certificates for sale of crown land to pay army arrears: Leicestershire.	Collection	https://discovery.nationalarchives.gov.uk/details/r/C3040758	The National Archives of the UK (TNA)	E 121/3/2	E 121/3/2	Leicestershire, England	Yes
TNA, E 121/3/3	TNA E 121 3 03	TNA, E 121/3	Certificates for sale of crown land to pay army arrears: Lincolnshire.	Collection	https://discovery.nationalarchives.gov.uk/details/r/C3040759	The National Archives of the UK (TNA)	E 121/3/3	E 121/3/3	Lincolnshire, England	Yes
TNA, E 121/3/4	TNA E 121 3 04	TNA, E 121/3	Certificates for sale of crown land to pay army arrears: Middlesex.	Collection	https://discovery.nationalarchives.gov.uk/details/r/C3040760	The National Archives of the UK (TNA)	E 121/3/4	E 121/3/4	Middlesex, England	Yes
TNA, E 121/3/5	TNA E 121 3 05	TNA, E 121/3	Certificates for sale of crown land to pay army arrears: Monmouthshire.	Collection	https://discovery.nationalarchives.gov.uk/details/r/C3040761	The National Archives of the UK (TNA)	E 121/3/5	E 121/3/5	Monmouthshire, Wales	Yes
TNA, E 121/3/6	TNA E 121 3 06	TNA, E 121/3	Certificates for sale of crown land to pay army arrears: Norfolk.	Collection	https://discovery.nationalarchives.gov.uk/details/r/C3040762	The National Archives of the UK (TNA)	E 121/3/6	E 121/3/6	Norfolk, England	Yes
TNA, E 121/4	TNA E 121 4	TNA, E 121	Certificates for sale of crown land to pay army arrears: Northamptonshire-Sussex. 1 box, 9 parts.	Collection		The National Archives of the UK (TNA)	E 121/4	See lower levels	See lower levels	No
TNA, E 121/4/1	TNA E 121 4 01	TNA, E 121/4	Certificates for sale of crown land to pay army arrears: Northamptonshire. See also SP 28/289	Collection	https://discovery.nationalarchives.gov.uk/details/r/C3040763	The National Archives of the UK (TNA)	E 121/4/1	E 121/4/1	Northamptonshire, England	Yes
TNA, E 121/4/2	TNA E 121 4 02	TNA, E 121/4	Certificates for sale of crown land to pay army arrears: Nottinghamshire.	Collection	https://discovery.nationalarchives.gov.uk/details/r/C3040764	The National Archives of the UK (TNA)	E 121/4/2	E 121/4/2	Nottinghamshire, England	Yes
TNA, E 121/4/3	TNA E 121 4 03	TNA, E 121/4	Certificates for sale of crown land to pay army arrears: Oxfordshire.	Collection	https://discovery.nationalarchives.gov.uk/details/r/C3040765	The National Archives of the UK (TNA)	E 121/4/3	E 121/4/3	Oxfordshire, England	Yes
TNA, E 121/4/4	TNA E 121 4 04	TNA, E 121/4	Certificates for sale of crown land to pay army arrears: Shropshire.	Collection	https://discovery.nationalarchives.gov.uk/details/r/C3040766	The National Archives of the UK (TNA)	E 121/4/4	E 121/4/4	Shropshire, England	Yes
TNA, E 121/4/5	TNA E 121 4 05	TNA, E 121/4	Certificates for sale of crown land to pay army arrears: Somerset.	Collection	https://discovery.nationalarchives.gov.uk/details/r/C3040767	The National Archives of the UK (TNA)	E 121/4/5	E 121/4/5	Somerset, England	Yes
TNA, E 121/4/6	TNA E 121 4 06	TNA, E 121/4	Certificates for sale of crown land to pay army arrears: Staffordshire.	Collection	https://discovery.nationalarchives.gov.uk/details/r/C3040768	The National Archives of the UK (TNA)	E 121/4/6	E 121/4/6	Staffordshire, England	Yes
TNA, E 121/4/7	TNA E 121 4 07	TNA, E 121/4	Certificates for sale of crown land to pay army arrears: Suffolk.	Collection	https://discovery.nationalarchives.gov.uk/details/r/C3040769	The National Archives of the UK (TNA)	E 121/4/7	E 121/4/7	Suffolk, England	Yes
TNA, E 121/4/8	TNA E 121 4 08	TNA, E 121/4	Certificates for sale of crown land to pay army arrears: Surrey.	Collection	https://discovery.nationalarchives.gov.uk/details/r/C3040770	The National Archives of the UK (TNA)	E 121/4/8	E 121/4/8	Surrey, England	Yes
TNA, E 121/4/9	TNA E 121 4 09	TNA, E 121/4	Certificates for sale of crown land to pay army arrears: Sussex.	Collection	https://discovery.nationalarchives.gov.uk/details/r/C3040771	The National Archives of the UK (TNA)	E 121/4/9	E 121/4/9	Sussex, England	Yes
TNA, E 121/5	TNA E 121 5	TNA, E 121	Certificates for sale of crown land to pay army arrears: Warwickshire-Yorkshire, Wales, and various counties. 1 box, 7 parts.	Collection		The National Archives of the UK (TNA)	E 121/5	See lower levels	See lower levels	No
TNA, E 121/5/1	TNA E 121 5 01	TNA, E 121/5	Certificates for sale of crown land to pay army arrears: Warwickshire.	Collection	https://discovery.nationalarchives.gov.uk/details/r/C3040772	The National Archives of the UK (TNA)	E 121/5/1	E 121/5/1	Warwickshire, England	Yes
TNA, E 121/5/2	TNA E 121 5 02	TNA, E 121/5	Certificates for sale of crown land to pay army arrears: Westmorland. See also SP 28/289	Collection	https://discovery.nationalarchives.gov.uk/details/r/C3040773	The National Archives of the UK (TNA)	E 121/5/2	E 121/5/2	Westmorland, England	Yes
TNA, E 121/5/3	TNA E 121 5 03	TNA, E 121/5	Certificates for sale of crown land to pay army arrears: Wiltshire. See also SP 28/289	Collection	https://discovery.nationalarchives.gov.uk/details/r/C3040774	The National Archives of the UK (TNA)	E 121/5/3	E 121/5/3	Wiltshire, England	Yes
TNA, E 121/5/4	TNA E 121 5 04	TNA, E 121/5	Certificates for sale of crown land to pay army arrears: Worcestershire.	Collection	https://discovery.nationalarchives.gov.uk/details/r/C3040775	The National Archives of the UK (TNA)	E 121/5/4	E 121/5/4	Worcestershire, England	Yes
TNA, E 121/5/5	TNA E 121 5 05	TNA, E 121/5	Certificates for sale of crown land to pay army arrears: Yorkshire.	Collection	https://discovery.nationalarchives.gov.uk/details/r/C3040776	The National Archives of the UK (TNA)	E 121/5/5	E 121/5/5	Yorkshire, England	Yes
TNA, E 121/5/6	TNA E 121 5 06	TNA, E 121/5	Certificates for sale of crown land to pay army arrears: Wales.	Collection	https://discovery.nationalarchives.gov.uk/details/r/C3040777	The National Archives of the UK (TNA)	E 121/5/6	E 121/5/6	Wales;Pye\Tomlinson's Horse Regiment, NMA	Yes
TNA, E 121/5/7	TNA E 121 5 07	TNA, E 121/5	Certificates for sale of crown land to pay army arrears: Various counties, including a contemporary loose index by county.	Collection	https://discovery.nationalarchives.gov.uk/details/r/C3040778	The National Archives of the UK (TNA)	E 121/5/7	E 121/5/7		Yes
