PageName	Parent unit	Relationship type	Command ref
Sidney's Horse Troop, Eastern Association	Manchester's Horse Regiment, Eastern Association	Tactical	[[TNA, SP 28/28/3, ff. 208-214]], f. 209v.
Rich's Horse Troop, Eastern Association	Manchester's Horse Regiment, Eastern Association	Tactical	[[TNA, SP 28/28/3, ff. 208-214]], f. 209v.
Alford's Horse Troop, Eastern Association	Manchester's Horse Regiment, Eastern Association	Tactical	[[TNA, SP 28/28/3, ff. 208-214]], f. 209v.
Dingley's Horse Troop, Eastern Association	Manchester's Horse Regiment, Eastern Association	Tactical	[[TNA, SP 28/28/3, ff. 208-214]], f. 209v.
Tomlinson's Horse Troop, Eastern Association	Manchester's Horse Regiment, Eastern Association	Tactical	[[TNA, SP 28/28/3, ff. 208-214]], f. 209v.
Griffin's Horse Troop, Eastern Association	Manchester's Horse Regiment, Eastern Association	Tactical	[[TNA, SP 28/28/3, ff. 208-214]], f. 209v.
Nevill's Horse Troop, Eastern Association	Manchester's Horse Regiment, Eastern Association	Tactical	[[TNA, SP 28/28/3, ff. 208-214]], f. 209v.
Hammond's Horse Troop, Eastern Association	Manchester's Horse Regiment, Eastern Association	Tactical	[[TNA, SP 28/28/3, ff. 208-214]], f. 209v.
Walton\Ireton's Horse Troop, Eastern Association	Manchester's Horse Regiment, Eastern Association	Tactical	[[TNA, SP 28/28/3, ff. 208-214]], f. 209v.
Knight's Horse Troop, Eastern Association	Manchester's Horse Regiment, Eastern Association	Tactical	[[TNA, SP 28/28/3, ff. 208-214]], f. 209v.
Dendy's Horse Troop, Eastern Association	Manchester's Horse Regiment, Eastern Association	Tactical	[[TNA, SP 28/28/3, ff. 208-214]], f. 209v.
Cromwell's Horse Troop (Oliver senior), Eastern Association	Cromwell's Horse Regiment, Eastern Association	Tactical	[[TNA, SP 28/28/3, ff. 208-214]], f. 210r.
Whalley's Horse Troop, Eastern Association	Cromwell's Horse Regiment, Eastern Association	Tactical	[[TNA, SP 28/28/3, ff. 208-214]], f. 210r.
Disbrowe's Horse Troop, Eastern Association	Cromwell's Horse Regiment, Eastern Association	Tactical	[[TNA, SP 28/28/3, ff. 208-214]], f. 210r.
Browne\Cromwell's Horse Troop, Eastern Association	Cromwell's Horse Regiment, Eastern Association	Tactical	[[TNA, SP 28/28/3, ff. 208-214]], f. 210r.
Walton\Packer's Horse Troop, Eastern Association	Cromwell's Horse Regiment, Eastern Association	Tactical	[[TNA, SP 28/28/3, ff. 208-214]], f. 210r.
Ayers\Berry's Horse Troop, Eastern Association	Cromwell's Horse Regiment, Eastern Association	Tactical	[[TNA, SP 28/28/3, ff. 208-214]], f. 210r.
Patteson\Horsman's Horse Troop, Eastern Association	Cromwell's Horse Regiment, Eastern Association	Tactical	[[TNA, SP 28/28/3, ff. 208-214]], f. 210r.
Grove's Horse Troop, Eastern Association	Cromwell's Horse Regiment, Eastern Association	Tactical	[[TNA, SP 28/28/3, ff. 208-214]], f. 210r.
Porter's Horse Troop, Eastern Association	Cromwell's Horse Regiment, Eastern Association	Tactical	[[TNA, SP 28/28/3, ff. 208-214]], f. 210r.
Laurence's Horse Troop, Eastern Association	Cromwell's Horse Regiment, Eastern Association	Tactical	[[TNA, SP 28/28/3, ff. 208-214]], f. 210r.
Swallow's Horse Troop, Eastern Association	Cromwell's Horse Regiment, Eastern Association	Tactical	[[TNA, SP 28/28/3, ff. 208-214]], f. 210r.
Bethell's Horse Troop, Eastern Association	Cromwell's Horse Regiment, Eastern Association	Tactical	[[TNA, SP 28/28/3, ff. 208-214]], f. 210r.
Margery's Horse Troop, Eastern Association	Cromwell's Horse Regiment, Eastern Association	Tactical	[[TNA, SP 28/28/3, ff. 208-214]], f. 210r.
Ireton's Horse Troop (Henry), Eastern Association	Cromwell's Horse Regiment, Eastern Association	Tactical	[[TNA, SP 28/28/3, ff. 208-214]], f. 210r.
Vermuyden's Horse Troop, Eastern Association	Vermuyden's Horse Regiment, Eastern Association	Tactical	[[TNA, SP 28/28/3, ff. 208-214]], f. 210r.
Wild's Horse Troop, Eastern Association	Vermuyden's Horse Regiment, Eastern Association	Tactical	[[TNA, SP 28/28/3, ff. 208-214]], f. 210r.
Huntington's Horse Troop, Eastern Association	Vermuyden's Horse Regiment, Eastern Association	Tactical	[[TNA, SP 28/28/3, ff. 208-214]], f. 210r.
Jenkins's Horse Troop, Eastern Association	Vermuyden's Horse Regiment, Eastern Association	Tactical	[[TNA, SP 28/28/3, ff. 208-214]], f. 210r.
Moody's Horse Troop (Samuel), Eastern Association	Vermuyden's Horse Regiment, Eastern Association	Tactical	[[TNA, SP 28/28/3, ff. 208-214]], f. 210r.
Fleetwood's Horse Troop, Eastern Association	Fleetwood's Horse Regiment, Eastern Association	Tactical	[[TNA, SP 28/28/3, ff. 208-214]], f. 210v.
Harrison's Horse Troop, Eastern Association	Fleetwood's Horse Regiment, Eastern Association	Tactical	[[TNA, SP 28/28/3, ff. 208-214]], f. 210v.
Le Hunt's Horse Troop, Eastern Association	Fleetwood's Horse Regiment, Eastern Association	Tactical	[[TNA, SP 28/28/3, ff. 208-214]], f. 210v.
Russell\Selby's Horse Troop, Eastern Association	Fleetwood's Horse Regiment, Eastern Association	Tactical	[[TNA, SP 28/28/3, ff. 208-214]], f. 210v.
Moody's Horse Troop (John), Eastern Association	Fleetwood's Horse Regiment, Eastern Association	Tactical	[[TNA, SP 28/28/3, ff. 208-214]], f. 210v.
Crauford's Horse Troop, Eastern Association	Fleetwood's Horse Regiment, Eastern Association	Tactical	[[TNA, SP 28/28/3, ff. 208-214]], f. 210v.
Norwich's Horse Troop, Eastern Association	Norwich's Horse Regiment, Eastern Association	Tactical	[[TNA, SP 28/28/3, ff. 208-214]], f. 210v.
Inglesby's Horse Troop, Eastern Association	Norwich's Horse Regiment, Eastern Association	Tactical	[[TNA, SP 28/28/3, ff. 208-214]], f. 210v.
Ecclesthorpe\Moulson's Horse Troop, Eastern Association	Norwich's Horse Regiment, Eastern Association	Tactical	[[TNA, SP 28/28/3, ff. 208-214]], f. 210v.
Sidney's Horse Troop, Eastern Association	Eastern Association	Military admin	[[TNA, SP 28/28/3, ff. 208-214]], f. 209v.
Rich's Horse Troop, Eastern Association	Eastern Association	Military admin	[[TNA, SP 28/28/3, ff. 208-214]], f. 209v.
Alford's Horse Troop, Eastern Association	Eastern Association	Military admin	[[TNA, SP 28/28/3, ff. 208-214]], f. 209v.
Dingley's Horse Troop, Eastern Association	Eastern Association	Military admin	[[TNA, SP 28/28/3, ff. 208-214]], f. 209v.
Tomlinson's Horse Troop, Eastern Association	Eastern Association	Military admin	[[TNA, SP 28/28/3, ff. 208-214]], f. 209v.
Griffin's Horse Troop, Eastern Association	Eastern Association	Military admin	[[TNA, SP 28/28/3, ff. 208-214]], f. 209v.
Nevill's Horse Troop, Eastern Association	Eastern Association	Military admin	[[TNA, SP 28/28/3, ff. 208-214]], f. 209v.
Hammond's Horse Troop, Eastern Association	Eastern Association	Military admin	[[TNA, SP 28/28/3, ff. 208-214]], f. 209v.
Walton\Ireton's Horse Troop, Eastern Association	Eastern Association	Military admin	[[TNA, SP 28/28/3, ff. 208-214]], f. 209v.
Knight's Horse Troop, Eastern Association	Eastern Association	Military admin	[[TNA, SP 28/28/3, ff. 208-214]], f. 209v.
Dendy's Horse Troop, Eastern Association	Eastern Association	Military admin	[[TNA, SP 28/28/3, ff. 208-214]], f. 209v.
Cromwell's Horse Troop (Oliver senior), Eastern Association	Eastern Association	Military admin	[[TNA, SP 28/28/3, ff. 208-214]], f. 210r.
Whalley's Horse Troop, Eastern Association	Eastern Association	Military admin	[[TNA, SP 28/28/3, ff. 208-214]], f. 210r.
Disbrowe's Horse Troop, Eastern Association	Eastern Association	Military admin	[[TNA, SP 28/28/3, ff. 208-214]], f. 210r.
Browne\Cromwell's Horse Troop, Eastern Association	Eastern Association	Military admin	[[TNA, SP 28/28/3, ff. 208-214]], f. 210r.
Walton\Packer's Horse Troop, Eastern Association	Eastern Association	Military admin	[[TNA, SP 28/28/3, ff. 208-214]], f. 210r.
Ayers\Berry's Horse Troop, Eastern Association	Eastern Association	Military admin	[[TNA, SP 28/28/3, ff. 208-214]], f. 210r.
Patteson\Horsman's Horse Troop, Eastern Association	Eastern Association	Military admin	[[TNA, SP 28/28/3, ff. 208-214]], f. 210r.
Grove's Horse Troop, Eastern Association	Eastern Association	Military admin	[[TNA, SP 28/28/3, ff. 208-214]], f. 210r.
Porter's Horse Troop, Eastern Association	Eastern Association	Military admin	[[TNA, SP 28/28/3, ff. 208-214]], f. 210r.
Laurence's Horse Troop, Eastern Association	Eastern Association	Military admin	[[TNA, SP 28/28/3, ff. 208-214]], f. 210r.
Swallow's Horse Troop, Eastern Association	Eastern Association	Military admin	[[TNA, SP 28/28/3, ff. 208-214]], f. 210r.
Bethell's Horse Troop, Eastern Association	Eastern Association	Military admin	[[TNA, SP 28/28/3, ff. 208-214]], f. 210r.
Margery's Horse Troop, Eastern Association	Eastern Association	Military admin	[[TNA, SP 28/28/3, ff. 208-214]], f. 210r.
Ireton's Horse Troop (Henry), Eastern Association	Eastern Association	Military admin	[[TNA, SP 28/28/3, ff. 208-214]], f. 210r.
Vermuyden's Horse Troop, Eastern Association	Eastern Association	Military admin	[[TNA, SP 28/28/3, ff. 208-214]], f. 210r.
Wild's Horse Troop, Eastern Association	Eastern Association	Military admin	[[TNA, SP 28/28/3, ff. 208-214]], f. 210r.
Huntington's Horse Troop, Eastern Association	Eastern Association	Military admin	[[TNA, SP 28/28/3, ff. 208-214]], f. 210r.
Jenkins's Horse Troop, Eastern Association	Eastern Association	Military admin	[[TNA, SP 28/28/3, ff. 208-214]], f. 210r.
Moody's Horse Troop (Samuel), Eastern Association	Eastern Association	Military admin	[[TNA, SP 28/28/3, ff. 208-214]], f. 210r.
Fleetwood's Horse Troop, Eastern Association	Eastern Association	Military admin	[[TNA, SP 28/28/3, ff. 208-214]], f. 210v.
Harrison's Horse Troop, Eastern Association	Eastern Association	Military admin	[[TNA, SP 28/28/3, ff. 208-214]], f. 210v.
Le Hunt's Horse Troop, Eastern Association	Eastern Association	Military admin	[[TNA, SP 28/28/3, ff. 208-214]], f. 210v.
Russell\Selby's Horse Troop, Eastern Association	Eastern Association	Military admin	[[TNA, SP 28/28/3, ff. 208-214]], f. 210v.
Moody's Horse Troop (John), Eastern Association	Eastern Association	Military admin	[[TNA, SP 28/28/3, ff. 208-214]], f. 210v.
Crauford's Horse Troop, Eastern Association	Eastern Association	Military admin	[[TNA, SP 28/28/3, ff. 208-214]], f. 210v.
Norwich's Horse Troop, Eastern Association	Eastern Association	Military admin	[[TNA, SP 28/28/3, ff. 208-214]], f. 210v.
Inglesby's Horse Troop, Eastern Association	Eastern Association	Military admin	[[TNA, SP 28/28/3, ff. 208-214]], f. 210v.
Ecclesthorpe\Moulson's Horse Troop, Eastern Association	Eastern Association	Military admin	[[TNA, SP 28/28/3, ff. 208-214]], f. 210v.
Manchester's Horse Regiment, Eastern Association	Parliamentarian and Protectorate forces	Unit allegiance	[[TNA, SP 28/28/3, ff. 208-214]], f. 209v.
Cromwell's Horse Regiment, Eastern Association	Parliamentarian and Protectorate forces	Unit allegiance	[[TNA, SP 28/28/3, ff. 208-214]], f. 210r.
Vermuyden's Horse Regiment, Eastern Association	Parliamentarian and Protectorate forces	Unit allegiance	[[TNA, SP 28/28/3, ff. 208-214]], f. 210r.
Fleetwood's Horse Regiment, Eastern Association	Parliamentarian and Protectorate forces	Unit allegiance	[[TNA, SP 28/28/3, ff. 208-214]], f. 210v.
Norwich's Horse Regiment, Eastern Association	Parliamentarian and Protectorate forces	Unit allegiance	[[TNA, SP 28/28/3, ff. 208-214]], f. 210v.
Manchester's Horse Regiment, Eastern Association	Eastern Association Army	Tactical	[[TNA, SP 28/28/3, ff. 208-214]], f. 209v.
Cromwell's Horse Regiment, Eastern Association	Eastern Association Army	Tactical	[[TNA, SP 28/28/3, ff. 208-214]], f. 210r.
Vermuyden's Horse Regiment, Eastern Association	Eastern Association Army	Tactical	[[TNA, SP 28/28/3, ff. 208-214]], f. 210r.
Fleetwood's Horse Regiment, Eastern Association	Eastern Association Army	Tactical	[[TNA, SP 28/28/3, ff. 208-214]], f. 210v.
Norwich's Horse Regiment, Eastern Association	Eastern Association Army	Tactical	[[TNA, SP 28/28/3, ff. 208-214]], f. 210v.
Manchester's Horse Regiment, Eastern Association	Eastern Association	Military admin	[[TNA, SP 28/28/3, ff. 208-214]], f. 209v.
Cromwell's Horse Regiment, Eastern Association	Eastern Association	Military admin	[[TNA, SP 28/28/3, ff. 208-214]], f. 210r.
Vermuyden's Horse Regiment, Eastern Association	Eastern Association	Military admin	[[TNA, SP 28/28/3, ff. 208-214]], f. 210r.
Fleetwood's Horse Regiment, Eastern Association	Eastern Association	Military admin	[[TNA, SP 28/28/3, ff. 208-214]], f. 210v.
Norwich's Horse Regiment, Eastern Association	Eastern Association	Military admin	[[TNA, SP 28/28/3, ff. 208-214]], f. 210v.
Sidney's Horse Troop, Eastern Association	Parliamentarian and Protectorate forces	Unit allegiance	[[TNA, SP 28/28/3, ff. 208-214]], f. 209v.
Rich's Horse Troop, Eastern Association	Parliamentarian and Protectorate forces	Unit allegiance	[[TNA, SP 28/28/3, ff. 208-214]], f. 209v.
Alford's Horse Troop, Eastern Association	Parliamentarian and Protectorate forces	Unit allegiance	[[TNA, SP 28/28/3, ff. 208-214]], f. 209v.
Dingley's Horse Troop, Eastern Association	Parliamentarian and Protectorate forces	Unit allegiance	[[TNA, SP 28/28/3, ff. 208-214]], f. 209v.
Tomlinson's Horse Troop, Eastern Association	Parliamentarian and Protectorate forces	Unit allegiance	[[TNA, SP 28/28/3, ff. 208-214]], f. 209v.
Griffin's Horse Troop, Eastern Association	Parliamentarian and Protectorate forces	Unit allegiance	[[TNA, SP 28/28/3, ff. 208-214]], f. 209v.
Nevill's Horse Troop, Eastern Association	Parliamentarian and Protectorate forces	Unit allegiance	[[TNA, SP 28/28/3, ff. 208-214]], f. 209v.
Hammond's Horse Troop, Eastern Association	Parliamentarian and Protectorate forces	Unit allegiance	[[TNA, SP 28/28/3, ff. 208-214]], f. 209v.
Walton\Ireton's Horse Troop, Eastern Association	Parliamentarian and Protectorate forces	Unit allegiance	[[TNA, SP 28/28/3, ff. 208-214]], f. 209v.
Knight's Horse Troop, Eastern Association	Parliamentarian and Protectorate forces	Unit allegiance	[[TNA, SP 28/28/3, ff. 208-214]], f. 209v.
Dendy's Horse Troop, Eastern Association	Parliamentarian and Protectorate forces	Unit allegiance	[[TNA, SP 28/28/3, ff. 208-214]], f. 209v.
Cromwell's Horse Troop (Oliver senior), Eastern Association	Parliamentarian and Protectorate forces	Unit allegiance	[[TNA, SP 28/28/3, ff. 208-214]], f. 210r.
Whalley's Horse Troop, Eastern Association	Parliamentarian and Protectorate forces	Unit allegiance	[[TNA, SP 28/28/3, ff. 208-214]], f. 210r.
Disbrowe's Horse Troop, Eastern Association	Parliamentarian and Protectorate forces	Unit allegiance	[[TNA, SP 28/28/3, ff. 208-214]], f. 210r.
Browne\Cromwell's Horse Troop, Eastern Association	Parliamentarian and Protectorate forces	Unit allegiance	[[TNA, SP 28/28/3, ff. 208-214]], f. 210r.
Walton\Packer's Horse Troop, Eastern Association	Parliamentarian and Protectorate forces	Unit allegiance	[[TNA, SP 28/28/3, ff. 208-214]], f. 210r.
Ayers\Berry's Horse Troop, Eastern Association	Parliamentarian and Protectorate forces	Unit allegiance	[[TNA, SP 28/28/3, ff. 208-214]], f. 210r.
Patteson\Horsman's Horse Troop, Eastern Association	Parliamentarian and Protectorate forces	Unit allegiance	[[TNA, SP 28/28/3, ff. 208-214]], f. 210r.
Grove's Horse Troop, Eastern Association	Parliamentarian and Protectorate forces	Unit allegiance	[[TNA, SP 28/28/3, ff. 208-214]], f. 210r.
Porter's Horse Troop, Eastern Association	Parliamentarian and Protectorate forces	Unit allegiance	[[TNA, SP 28/28/3, ff. 208-214]], f. 210r.
Laurence's Horse Troop, Eastern Association	Parliamentarian and Protectorate forces	Unit allegiance	[[TNA, SP 28/28/3, ff. 208-214]], f. 210r.
Swallow's Horse Troop, Eastern Association	Parliamentarian and Protectorate forces	Unit allegiance	[[TNA, SP 28/28/3, ff. 208-214]], f. 210r.
Bethell's Horse Troop, Eastern Association	Parliamentarian and Protectorate forces	Unit allegiance	[[TNA, SP 28/28/3, ff. 208-214]], f. 210r.
Margery's Horse Troop, Eastern Association	Parliamentarian and Protectorate forces	Unit allegiance	[[TNA, SP 28/28/3, ff. 208-214]], f. 210r.
Ireton's Horse Troop (Henry), Eastern Association	Parliamentarian and Protectorate forces	Unit allegiance	[[TNA, SP 28/28/3, ff. 208-214]], f. 210r.
Vermuyden's Horse Troop, Eastern Association	Parliamentarian and Protectorate forces	Unit allegiance	[[TNA, SP 28/28/3, ff. 208-214]], f. 210r.
Wild's Horse Troop, Eastern Association	Parliamentarian and Protectorate forces	Unit allegiance	[[TNA, SP 28/28/3, ff. 208-214]], f. 210r.
Huntington's Horse Troop, Eastern Association	Parliamentarian and Protectorate forces	Unit allegiance	[[TNA, SP 28/28/3, ff. 208-214]], f. 210r.
Jenkins's Horse Troop, Eastern Association	Parliamentarian and Protectorate forces	Unit allegiance	[[TNA, SP 28/28/3, ff. 208-214]], f. 210r.
Moody's Horse Troop (Samuel), Eastern Association	Parliamentarian and Protectorate forces	Unit allegiance	[[TNA, SP 28/28/3, ff. 208-214]], f. 210r.
Fleetwood's Horse Troop, Eastern Association	Parliamentarian and Protectorate forces	Unit allegiance	[[TNA, SP 28/28/3, ff. 208-214]], f. 210v.
Harrison's Horse Troop, Eastern Association	Parliamentarian and Protectorate forces	Unit allegiance	[[TNA, SP 28/28/3, ff. 208-214]], f. 210v.
Le Hunt's Horse Troop, Eastern Association	Parliamentarian and Protectorate forces	Unit allegiance	[[TNA, SP 28/28/3, ff. 208-214]], f. 210v.
Russell\Selby's Horse Troop, Eastern Association	Parliamentarian and Protectorate forces	Unit allegiance	[[TNA, SP 28/28/3, ff. 208-214]], f. 210v.
Moody's Horse Troop (John), Eastern Association	Parliamentarian and Protectorate forces	Unit allegiance	[[TNA, SP 28/28/3, ff. 208-214]], f. 210v.
Crauford's Horse Troop, Eastern Association	Parliamentarian and Protectorate forces	Unit allegiance	[[TNA, SP 28/28/3, ff. 208-214]], f. 210v.
Norwich's Horse Troop, Eastern Association	Parliamentarian and Protectorate forces	Unit allegiance	[[TNA, SP 28/28/3, ff. 208-214]], f. 210v.
Inglesby's Horse Troop, Eastern Association	Parliamentarian and Protectorate forces	Unit allegiance	[[TNA, SP 28/28/3, ff. 208-214]], f. 210v.
Ecclesthorpe\Moulson's Horse Troop, Eastern Association	Parliamentarian and Protectorate forces	Unit allegiance	[[TNA, SP 28/28/3, ff. 208-214]], f. 210v.
