PageName	Description	Disambiguation	Type	Show events	Show locations
Sidney's Horse Troop, Eastern Association	Cavalry troop in Eastern Association Army commanded by Algernon Sidney.		Horse troop	No	None
Rich's Horse Troop, Eastern Association	Cavalry troop in Eastern Association Army commanded by Nathaniel Rich.		Horse troop	No	None
Alford's Horse Troop, Eastern Association	Cavalry troop in Eastern Association Army commanded by John Alford		Horse troop	No	None
Dingley's Horse Troop, Eastern Association	Cavalry troop in Eastern Association Army commanded by William Dingley.		Horse troop	No	None
Tomlinson's Horse Troop, Eastern Association	Cavalry troop in Eastern Association Army commanded by Matthew Tomlinson		Horse troop	No	None
Griffin's Horse Troop, Eastern Association	Cavalry troop in Eastern Association Army commanded by Richard Griffin		Horse troop	No	None
Nevill's Horse Troop, Eastern Association	Cavalry troop in Eastern Association Army commanded by Thomas Nevill		Horse troop	No	None
Hammond's Horse Troop, Eastern Association	Cavalry troop in Eastern Association Army commanded by Thomas Hammond (also Lieutenant-General of Ordnance).		Horse troop	No	None
Walton\Ireton's Horse Troop, Eastern Association	Cavalry troop in Eastern Association Army commanded by Valentine Walton senior and Thomas Ireton.	For Valentine Walton junior's troop, see [[Walton\Packer's Horse Troop, Eastern Association]]. For Henry Ireton's troop, see [[Ireton's Horse Troop (Henry), Eastern Association]].	Horse troop	No	None
Knight's Horse Troop, Eastern Association	Cavalry troop in Eastern Association Army commanded by Ralph Knight. Composed of reformado officers.		Horse troop	No	None
Dendy's Horse Troop, Eastern Association	Cavalry troop in Eastern Association Army commanded by Edward Dendy.		Horse troop	No	None
Cromwell's Horse Troop (Oliver senior), Eastern Association	Cavalry troop in Essex's Army and Eastern Association Army commanded by Oliver Cromwell senior (later Lord Protector).	For Oliver Cromwell junior's troop, see [[Browne\Cromwell's Horse Troop, Eastern Association]].	Horse troop	No	None
Whalley's Horse Troop, Eastern Association	Cavalry troop in Eastern Association Army commanded by Edward Whalley.		Horse troop	No	None
Disbrowe's Horse Troop, Eastern Association	Cavalry troop in Eastern Association Army commanded by John Disbrowe.		Horse troop	No	None
Browne\Cromwell's Horse Troop, Eastern Association	Cavalry troop in Eastern Association Army commanded by Oliver Cromwell junior and John Browne.	For Oliver Cromwell senior's troop, see [[Cromwell's Horse Troop (Oliver senior), Eastern Association]].	Horse troop	No	None
Walton\Packer's Horse Troop, Eastern Association	Cavalry troop in Eastern Association Army commanded by Valentine Walton junior and William Packer.	For Valentine Walton senior's troop, see [[Walton\Ireton's Horse Troop, Eastern Association]].	Horse troop	No	None
Ayers\Berry's Horse Troop, Eastern Association	Cavalry troop in Eastern Association Army commanded by Captain Ayers and James Berry.		Horse troop	No	None
Patteson\Horsman's Horse Troop, Eastern Association	Cavalry troop in Eastern Association Army commanded by Robert Patteson and Robert Horsman.		Horse troop	No	None
Grove's Horse Troop, Eastern Association	Cavalry troop in Eastern Association Army commanded by John Grove.		Horse troop	No	None
Porter's Horse Troop, Eastern Association	Cavalry troop in Eastern Association Army commanded by Samuel Porter.		Horse troop	No	None
Laurence's Horse Troop, Eastern Association	Cavalry troop in Eastern Association Army commanded by Adam Laurence.		Horse troop	No	None
Swallow's Horse Troop, Eastern Association	Cavalry troop in Eastern Association Army commanded by Robert Swallow. aka Virgins' Troop or Maiden Troop.		Horse troop	No	None
Bethell's Horse Troop, Eastern Association	Cavalry troop in Eastern Association Army commanded by Christopher Bethell.		Horse troop	No	None
Margery's Horse Troop, Eastern Association	Cavalry troop in Eastern Association Army commanded by Ralph Margery.		Horse troop	No	None
Ireton's Horse Troop (Henry), Eastern Association	Cavalry troop in Eastern Association Army commanded by Henry Ireton.	For Thomas Ireton's troop, see [[Walton\Ireton's Horse Troop, Eastern Association]].	Horse troop	No	None
Vermuyden's Horse Troop, Eastern Association	Cavalry troop in Eastern Association Army commanded by Bartholomew Vermuyden.		Horse troop	No	None
Wild's Horse Troop, Eastern Association	Cavalry troop in Eastern Association Army commanded by Major Thomas Wild.		Horse troop	No	None
Huntington's Horse Troop, Eastern Association	Cavalry troop in Eastern Association Army commanded by Robert Huntington.		Horse troop	No	None
Jenkins's Horse Troop, Eastern Association	Cavalry troop in Eastern Association Army commanded by John Jenkins.		Horse troop	No	None
Moody's Horse Troop (Samuel), Eastern Association	Cavalry troop in Eastern Association Army commanded by Samuel Moody.	For John Moody's troop in Fleetwood's regiment, see [[Moody's Horse Troop (John), Eastern Association]].	Horse troop	No	None
Fleetwood's Horse Troop, Eastern Association	Cavalry troop in Eastern Association Army commanded by Charles Fleetwood.		Horse troop	No	None
Harrison's Horse Troop, Eastern Association	Cavalry troop in Eastern Association Army commanded by Major Thomas Harrison.		Horse troop	No	None
Le Hunt's Horse Troop, Eastern Association	Cavalry troop in Eastern Association Army commanded by Richard Le Hunt.		Horse troop	No	None
Russell\Selby's Horse Troop, Eastern Association	Cavalry troop in Eastern Association Army commanded by Colonel Russell and Captain Selby.		Horse troop	No	None
Moody's Horse Troop (John), Eastern Association	Cavalry troop in Eastern Association Army commanded by John Moody.	For Samuel Moody's troop in Vermuyden's regiment, see [[Moody's Horse Troop (Samuel), Eastern Association]].	Horse troop	No	None
Crauford's Horse Troop, Eastern Association	Cavalry troop in Eastern Association Army commanded by Laurence Crauford (also Major-General of Foot).		Horse troop	No	None
Norwich's Horse Troop, Eastern Association	Cavalry troop in Eastern Association Army commanded by Sir John Norwich.		Horse troop	No	None
Inglesby's Horse Troop, Eastern Association	Cavalry troop in Eastern Association Army commanded by Oliver Inglesby.		Horse troop	No	None
Ecclesthorpe\Moulson's Horse Troop, Eastern Association	Cavalry troop in Eastern Association Army commanded by Captain Ecclesthorpe and Thomas Moulson.		Horse troop	No	None
Manchester's Horse Regiment, Eastern Association	Cavalry regiment in Eastern Association Army named after Earl of Manchester and commanded by Algernon Sidney.		Horse regiment	No	None
Cromwell's Horse Regiment, Eastern Association	Cavalry regiment in Eastern Association Army commanded by Oliver Cromwell senior (later Lord Protector).	For the regiment commanded by Cromwell in the New Model Army, see [[Cromwell\Vermuyden\Disbrowe's Horse Regiment, NMA]].	Horse regiment	No	None
Vermuyden's Horse Regiment, Eastern Association	Cavalry regiment in Eastern Association Army commanded by Bartholomew Vermuyden.	For the regiment commanded by Vermuyden in the New Model Army, see [[Cromwell\Vermuyden\Disbrowe's Horse Regiment, NMA]].	Horse regiment	No	None
Fleetwood's Horse Regiment, Eastern Association	Cavalry regiment in Eastern Association Army commanded by Charles Fleetwood.	For the regiment commanded by Fleetwood in the New Model Army, see [[Fleetwood's Horse Regiment, NMA]].	Horse regiment	No	None
Norwich's Horse Regiment, Eastern Association	Cavalry regiment in Eastern Association Army commanded by Sir John Norwich.		Horse regiment	No	None
