PageName	Parent unit	Relationship type	Command ref	Earliest date type	Earliest date
Lord Saltoun (1445)	Peerage of Scotland	Aristocratic	{{Cite wp fact|Lord Saltoun}}	definite start date	1445 JL
Earl of Stirling (1633)	Peerage of Scotland	Aristocratic	{{Cite wp fact|Earl of Stirling}}	definite start date	1633 JL
Baron Alington (1642)	Peerage of Ireland	Aristocratic	{{Cite wp fact|Baron Alington}}	definite start date	1642 JL
Viscount Valentia (1622)	Peerage of Ireland	Aristocratic	{{Cite wp fact|Viscount Valentia}}	definite start date	1622 JL
Earl of Anglesey (1661)	Peerage of England	Aristocratic	{{Cite wp fact|Earl of Anglesey}}	definite start date	1661 JL
Baron Mountnorris (1629)	Peerage of Ireland	Aristocratic	{{Cite wp fact|Baron Mountnorris}}	definite start date	1629 JL
Viscount of Arbuthnott (1641)	Peerage of Scotland	Aristocratic	{{Cite wp fact|Viscount of Arbuthnott}}	definite start date	1641 JL
Baron Arundell of Wardour (1605)	Peerage of England	Aristocratic	{{Cite wp fact|Baron Arundell of Wardour}}	definite start date	1605 JL
Baron Arundell of Trerice (1664)	Peerage of England	Aristocratic	{{Cite wp fact|Baron Arundell of Trerice}}	definite start date	1664 JL
Baron Astley of Reading (1644)	Peerage of England	Aristocratic	{{Cite wp fact|Baron Astley of Reading}}	definite start date	1644 JL
Lord Aston of Forfar (1627)	Peerage of Scotland	Aristocratic	{{Cite wp fact|Lord Aston of Forfar}}	definite start date	1627 JL
Baron Aungier of Longford (1621)	Peerage of Ireland	Aristocratic	{{Cite wp fact|Baron Aungier}}	definite start date	1621 JL
Lord Forrester (1633)	Peerage of Scotland	Aristocratic	{{Cite wp fact|Lord Forrester}}	definite start date	1633 JL
Baron Balfour of Glenawley (1619)	Peerage of Ireland	Aristocratic	{{Cite wp fact|Baron Balfour of Glenawley}}	definite start date	1619 JL
Lord Balfour of Burleigh (1607)	Peerage of Scotland	Aristocratic	{{Cite wp fact|Lord Balfour of Burleigh}}	definite start date	1607 JL
Viscount Bellomont (1645)	Peerage of Ireland	Aristocratic	{{Cite wp fact|Viscount Bellomont}}	definite start date	1645 JL
Viscount Barnewall (1646)	Peerage of Ireland	Aristocratic	{{Cite wp fact|Viscount Barnewall}}	definite start date	1646 JL
Baron Trimlestown (1461)	Peerage of Ireland	Aristocratic	{{Cite wp fact|Baron Trimlestown}}	definite start date	1461 JL
Lord Barrett of Newburgh (1627)	Peerage of Scotland	Aristocratic	{{Cite wp fact|Lord Barrett}}	definite start date	1627 JL
Earl of Barrymore (1628)	Peerage of Ireland	Aristocratic	{{Cite wp fact|Earl of Barrymore}}	definite start date	1628 JL
Baron Barry of Santry (1661)	Peerage of Ireland	Aristocratic	{{Cite wp fact|Baron Barry of Santry}}	definite start date	1661 JL
Viscount Bayning (1628)	Peerage of England	Aristocratic	{{Cite wp fact|Viscount Bayning}}	definite start date	1628 JL
Viscount Beaumont of Swords (1622)	Peerage of Ireland	Aristocratic	{{Cite wp fact|Viscount Beaumont of Swords}}	definite start date	1622 JL
Baron Belasyse (1645)	Peerage of England	Aristocratic	{{Cite wp fact|Baron Belasyse}}	definite start date	1645 JL
Viscount Fauconberg (1643)	Peerage of England	Aristocratic	{{Cite wp fact|Viscount Fauconberg}}	definite start date	1643 JL
Baron Fauconberg (1627)	Peerage of England	Aristocratic	{{Cite wp fact|Baron Fauconberg}}	definite start date	1627 JL
Lord Bellenden (1661)	Peerage of Scotland	Aristocratic	{{Cite wp fact|Lord Bellenden}}	definite start date	1661 JL
Baron Arlington (1664)	Peerage of England	Aristocratic	{{Cite wp fact|Baron Arlington}}	definite start date	1664 JL
Viscount Fitzhardinge (1663)	Peerage of Ireland	Aristocratic	{{Cite wp fact|Viscount Fitzhardinge}}	definite start date	1663 JL
Earl of Falmouth (1664)	Peerage of England	Aristocratic	{{Cite wp fact|Earl of Falmouth}}	definite start date	1664 JL
Baron Berkeley (1421)	Peerage of England	Aristocratic	{{Cite wp fact|Baron Berkeley}}	definite start date	1421 JL
Baron Berkeley of Stratton (1658)	Peerage of England	Aristocratic	{{Cite wp fact|Baron Berkeley of Stratton}}	definite start date	1658 JL
Baron Norreys (1572)	Peerage of England	Aristocratic	{{Cite wp fact|Baron Norreys}}	definite start date	1572 JL
Earl of Lindsey (1626)	Peerage of England	Aristocratic	{{Cite wp fact|Earl of Lindsey}}	definite start date	1626 JL
Baron Blayney (1621)	Peerage of Ireland	Aristocratic	{{Cite wp fact|Baron Blayney}}	definite start date	1621 JL
Baron Mountjoy (1618)	Peerage of Ireland	Aristocratic	{{Cite wp fact|Baron Mountjoy}}	definite start date	1618 JL
Earl of Newport (1628)	Peerage of England	Aristocratic	{{Cite wp fact|Earl of Newport}}	definite start date	1628 JL
Baron Delamer (1661)	Peerage of England	Aristocratic	{{Cite wp fact|Booth baronets}}	definite start date	1661 JL
Lord Borthwick (1452)	Peerage of Scotland	Aristocratic	{{Cite wp fact|Lord Borthwick}}	definite start date	1452 JL
Baron Boteler of Brantfield (1628)	Peerage of England	Aristocratic	{{Cite wp fact|Baron Boteler}}	definite start date	1628 JL
Lord Holyroodhouse (1607)	Peerage of Scotland	Aristocratic	{{Cite wp fact|Lord Holyroodhouse}}	definite start date	1607 JL
Earl of Bath (1536)	Peerage of England	Aristocratic	{{Cite wp fact|Earl of Bath}}	definite start date	1536 JL
Baron Bourke of Connell (1580)	Peerage of Ireland	Aristocratic	{{Cite wp fact|Baron Bourke of Castleconnell}}	definite start date	1580 JL
Viscount Bourke of Clanmories (1629)	Peerage of Ireland	Aristocratic	{{Cite wp fact|Viscount Bourke of Clanmories}}	definite start date	1629 JL
Baron Bourke of Brittas (1618)	Peerage of Ireland	Aristocratic	{{Cite wp fact|Baron Bourke of Brittas}}	definite start date	1618 JL
Viscount Mayo (1627)	Peerage of Ireland	Aristocratic	{{Cite wp fact|Viscount Mayo}}	definite start date	1627 JL
Lord Boyd (1454)	Peerage of Scotland	Aristocratic	{{Cite wp fact|Earl of Kilmarnock#Lords Boyd (1454)}}	definite start date	1454 JL
Earl of Kilmarnock (1661)	Peerage of Scotland	Aristocratic	{{Cite wp fact|Earl of Kilmarnock}}	definite start date	1661 JL
Baron Clifford (1628)	Peerage of England	Aristocratic	{{Cite wp fact|Baron Clifford}}	definite start date	1628 JL
Countess of Guilford (1660)	Peerage of England	Aristocratic	{{Cite wp fact|Earl of Guilford}}	definite start date	1660 JL
Viscount Shannon (1660)	Peerage of Ireland	Aristocratic	{{Cite wp fact|Viscount Shannon}}	definite start date	1660 JL
Viscount Boyle of Kinalmeaky (1628)	Peerage of Ireland	Aristocratic	{{Cite wp fact|Viscount Boyle of Kinalmeaky}}	definite start date	1628 JL
Earl of Cork (1620)	Peerage of Ireland	Aristocratic	{{Cite wp fact|Earl of Cork}}	definite start date	1620 JL
Earl of Burlington (1664)	Peerage of England	Aristocratic	{{Cite wp fact|Earl of Burlington}}	definite start date	1664 JL
Baron Boyle of Broghill (1628)	Peerage of Ireland	Aristocratic	{{Cite wp fact|Baron Boyle of Broghill}}	definite start date	1628 JL
Earl of Orrery (1660)	Peerage of Ireland	Aristocratic	{{Cite wp fact|Earl of Orrery}}	definite start date	1660 JL
Earl of Meath (1627)	Peerage of Ireland	Aristocratic	{{Cite wp fact|Earl of Meath}}	definite start date	1627 JL
Baron Brereton (1624)	Peerage of Ireland	Aristocratic	{{Cite wp fact|Baron Brereton}}	definite start date	1624 JL
Baron Cobham (1645)	Peerage of England	Aristocratic	{{Cite wp fact|Baron Cobham}}	definite start date	1645 JL
Viscount Brouncker (1645)	Peerage of Ireland	Aristocratic	{{Cite wp fact|Viscount Brouncker}}	definite start date	1645 JL
Viscount Montagu (1554)	Peerage of England	Aristocratic	{{Cite wp fact|Viscount Montagu}}	definite start date	1554 JL
Earl of Kincardine (1647)	Peerage of Scotland	Aristocratic	{{Cite wp fact|Earl of Kincardine}}	definite start date	1647 JL
Earl of Elgin (1633)	Peerage of Scotland	Aristocratic	{{Cite wp fact|Earl of Elgin}}	definite start date	1633 JL
Earl of Ailesbury (1664)	Peerage of England	Aristocratic	{{Cite wp fact|Earl of Ailesbury}}	definite start date	1664 JL
Lord Kinloss (1602)	Peerage of Scotland	Aristocratic	{{Cite wp fact|Lord Kinloss}}	definite start date	1602 JL
Earl of Cardigan (1661)	Peerage of England	Aristocratic	{{Cite wp fact|Earl of Cardigan}}	definite start date	1661 JL
Baron Brudenell (1628)	Peerage of England	Aristocratic	{{Cite wp fact|Baron Brudenell}}	definite start date	1628 JL
Baron Chandos (1554)	Peerage of England	Aristocratic	{{Cite wp fact|Baron Chandos}}	definite start date	1554 JL
Viscount Bulkeley (1644)	Peerage of Ireland	Aristocratic	{{Cite wp fact|Viscount Bulkeley}}	definite start date	1644 JL
Earl of Clanricarde (1543)	Peerage of Ireland	Aristocratic	{{Cite wp fact|Earl of Clanricarde}}	definite start date	1543 JL
Earl of St Albans (1628)	Peerage of England	Aristocratic	{{Cite wp fact|Earl of St Albans}}	definite start date	1628 JL
Marquess of Clanricarde (1646)	Peerage of Ireland	Aristocratic	{{Cite wp fact|Marquess of Clanricarde}}	definite start date	1646 JL
Baron Dunboyne (1541)	Peerage of Ireland	Aristocratic	{{Cite wp fact|Baron Dunboyne}}	definite start date	1541 JL
Viscount Mountgarret (1550)	Peerage of Ireland	Aristocratic	{{Cite wp fact|Viscount Mountgarret}}	definite start date	1550 JL
Viscount of Galmoye (1646)	Peerage of Ireland	Aristocratic	{{Cite wp fact|Viscount Galmoye}}	definite start date	1646 JL
Lord Dingwall (1609)	Peerage of Scotland	Aristocratic	{{Cite wp fact|Lord Dingwall}}	definite start date	1609 JL
Earl of Ormonde (1328)	Peerage of Ireland	Aristocratic	{{Cite wp fact|Earl of Ormond (Ireland)}}	definite start date	1328 JL
Marquess of Ormonde (1642)	Peerage of Ireland	Aristocratic	{{Cite wp fact|Marquess of Ormonde}}	definite start date	1642 JL
Earl of Brecknock (1660)	Peerage of England	Aristocratic	{{Cite wp fact|Earl of Brecknock}}	definite start date	1660 JL
Duke of Ormonde (1661)	Peerage of Ireland	Aristocratic	{{Cite wp fact|Duke of Ormonde}}	definite start date	1661 JL
Baron Clifton (1608)	Peerage of England	Aristocratic	{{Cite wp fact|Baron Clifton}}	definite start date	1608 JL
Viscount Ikerrin (1629)	Peerage of Ireland	Aristocratic	{{Cite wp fact|Viscount Ikerrin}}	definite start date	1629 JL
Baron Cahir (1583)	Peerage of Ireland	Aristocratic	{{Cite wp fact|Baron Cahir}}	definite start date	1583 JL
Earl of Arran (1662)	Peerage of Ireland	Aristocratic	{{Cite wp fact|Earl of Arran (Ireland)}}	definite start date	1662 JL
Baron Byron (1643)	Peerage of England	Aristocratic	{{Cite wp fact|Baron Byron}}	definite start date	1643 JL
Baron Baltimore (1625)	Peerage of Ireland	Aristocratic	{{Cite wp fact|Baron Baltimore}}	definite start date	1625 JL
Earl of Argyll (1457)	Peerage of Scotland	Aristocratic	{{Cite wp fact|Earl of Argyll}}	definite start date	1457 JL
Marquess of Argyll (1641)	Peerage of Scotland	Aristocratic	{{Cite wp fact|Marquess of Argyll}}	definite start date	1641 JL
Lord Kintyre (1626)	Peerage of Scotland	Aristocratic	{{Cite wp fact|Lord of Kintyre}}	definite start date	1626 JL
Earl of Irvine (1642)	Peerage of Scotland	Aristocratic	{{Cite wp fact|Earl of Irvine}}	definite start date	1642 JL
Earl of Loudoun (1633)	Peerage of Scotland	Aristocratic	{{Cite wp fact|Earl of Loudoun}}	definite start date	1633 JL
Lord Campbell of Loudoun (1601)	Peerage of Scotland	Aristocratic	{{Cite wp fact|Lord Campbell of Loudoun}}	definite start date	1601 JL
Baron Capell of Hadham (1641)	Peerage of England	Aristocratic	{{Cite wp fact|Baron Capell of Hadham}}	definite start date	1641 JL
Earl of Essex (1661)	Peerage of England	Aristocratic	{{Cite wp fact|Earl of Essex}}	definite start date	1661 JL
Earl of Dover (1628)	Peerage of England	Aristocratic	{{Cite wp fact|Earl of Dover}}	definite start date	1628 JL
Earl of Monmouth (1626)	Peerage of England	Aristocratic	{{Cite wp fact|Earl of Monmouth}}	definite start date	1626 JL
Viscount Dorchester (1628)	Peerage of England	Aristocratic	{{Cite wp fact|Viscount Dorchester}}	definite start date	1628 JL
Lord Carmichael (1647)	Peerage of Scotland	Aristocratic	{{Cite wp fact|Lord Carmichael}}	definite start date	1647 JL
Lord Carnegie (1616)	Peerage of Scotland	Aristocratic	{{Cite wp fact|Lord Carnegie}}	definite start date	1616 JL
Earl of Southesk (1633)	Peerage of Scotland	Aristocratic	{{Cite wp fact|Earl of Southesk}}	definite start date	1633 JL
Earl of Northesk (1647)	Peerage of Scotland	Aristocratic	{{Cite wp fact|Earl of Northesk}}	definite start date	1647 JL
Lord Rosehill and Inglismaldie (1639)	Peerage of Scotland	Aristocratic	{{Cite wp fact|Lord Rosehill and Inglismaldie}}	definite start date	1639 JL
Earl of Somerset (1613)	Peerage of England	Aristocratic	{{Cite wp fact|Earl of Somerset}}	definite start date	1613 JL
Viscount of Falkland (1620)	Peerage of Scotland	Aristocratic	{{Cite wp fact|Viscount of Falkland}}	definite start date	1620 JL
Lord Cathcart (1460)	Peerage of Scotland	Aristocratic	{{Cite wp fact|Lord Cathcart}}	definite start date	1460 JL
Baron Caulfeild (1620)	Peerage of Ireland	Aristocratic	{{Cite wp fact|Baron Caulfeild}}	definite start date	1620 JL
Viscount Charlemont (1665)	Peerage of Ireland	Aristocratic	{{Cite wp fact|Viscount Charlemont}}	definite start date	1665 JL
Earl of Newcastle (1628)	Peerage of England	Aristocratic	{{Cite wp fact|Earl of Newcastle-upon-Tyne}}	definite start date	1628 JL
Marquess of Newcastle (1643)	Peerage of England	Aristocratic	{{Cite wp fact|Marquess of Newcastle-upon-Tyne}}	definite start date	1643 JL
Duke of Newcastle (1665)	Peerage of England	Aristocratic	{{Cite wp fact|Duke of Newcastle-upon-Tyne}}	definite start date	1665 JL
Earl of Devonshire (1618)	Peerage of England	Aristocratic	{{Cite wp fact|Earl of Devonshire}}	definite start date	1618 JL
Earl of Exeter (1605)	Peerage of England	Aristocratic	{{Cite wp fact|Earl of Exeter}}	definite start date	1605 JL
Viscount Wimbledon (1625)	Peerage of England	Aristocratic	{{Cite wp fact|Viscount Wimbledon}}	definite start date	1625 JL
Earl of Salisbury (1605)	Peerage of England	Aristocratic	{{Cite wp fact|Earl of Salisbury}}	definite start date	1605 JL
Duke of Cornwall (1337)	Peerage of England	Aristocratic	{{Cite wp fact|Duke of Cornwall}}	definite start date	1337 JL
Duke of Rothesay (1398)	Peerage of Scotland	Aristocratic	{{Cite wp fact|Duke of Rothesay}}	definite start date	1398 JL
Viscount Chaworth (1628)	Peerage of Ireland	Aristocratic	{{Cite wp fact|Viscount Chaworth}}	definite start date	1628 JL
Earl of Donegall (1647)	Peerage of Ireland	Aristocratic	{{Cite wp fact|Earl of Donegall}}	definite start date	1647 JL
Viscount Chichester (1625)	Peerage of Ireland	Aristocratic	{{Cite wp fact|Viscount Chichester}}	definite start date	1625 JL
Viscount Cholmondeley (1628)	Peerage of Ireland	Aristocratic	{{Cite wp fact|Viscount Cholmondeley}}	definite start date	1628 JL
Earl of Leinster (1646)	Peerage of Ireland	Aristocratic	{{Cite wp fact|Earl of Leinster}}	definite start date	1646 JL
Viscount Cholmondeley (1661)	Peerage of Ireland	Aristocratic	{{Cite wp fact|Viscount Cholmondeley}}	definite start date	1661 JL
Baron de Clifford (1299)	Peerage of England	Aristocratic	{{Cite wp fact|Baron de Clifford}}	definite start date	1299 JL
Earl of Cumberland (1525)	Peerage of England	Aristocratic	{{Cite wp fact|Earl of Cumberland}}	definite start date	1525 JL
Earl of Lincoln (1572)	Peerage of England	Aristocratic	{{Cite wp fact|Earl of Lincoln}}	definite start date	1572 JL
Viscount Massereene (1660)	Peerage of Ireland	Aristocratic	{{Cite wp fact|Viscount Massereene}}	definite start date	1660 JL
Lord Cochrane of Dundonald (1647)	Peerage of Scotland	Aristocratic	{{Cite wp fact|Lord Cochrane of Dundonald}}	definite start date	1647 JL
Earl of Dundonald (1669)	Peerage of Scotland	Aristocratic	{{Cite wp fact|Earl of Dundonald}}	definite start date	1669 JL
Viscount Cullen (1642)	Peerage of Ireland	Aristocratic	{{Cite wp fact|Viscount Cullen}}	definite start date	1642 JL
Baron Colepeper (1644)	Peerage of England	Aristocratic	{{Cite wp fact|Baron Colepeper}}	definite start date	1644 JL
Lord Colville of Culross (1604)	Peerage of Scotland	Aristocratic	{{Cite wp fact|Lord Colville of Culross}}	definite start date	1604 JL
Earl of Northampton (1618)	Peerage of England	Aristocratic	{{Cite wp fact|Earl of Northampton}}	definite start date	1618 JL
Viscount of Dunbar (1620)	Peerage of Scotland	Aristocratic	{{Cite wp fact|Viscount of Dunbar}}	definite start date	1620 JL
Viscount Conway (1627)	Peerage of England	Aristocratic	{{Cite wp fact|Viscount Conway}}	definite start date	1627 JL
Viscount Killultagh (1627)	Peerage of Ireland	Aristocratic	{{Cite wp fact|Viscount Killultagh}}	definite start date	1627 JL
Baron Ashley (1661)	Peerage of England	Aristocratic	{{Cite wp fact|Baron Ashley}}	definite start date	1661 JL
Earl of Mountrath (1660)	Peerage of Ireland	Aristocratic	{{Cite wp fact|Earl of Mountrath}}	definite start date	1660 JL
Baron Coote (1660)	Peerage of Ireland	Aristocratic	{{Cite wp fact|Baron Coote}}	definite start date	1660 JL
Baron Cornwallis (1661)	Peerage of England	Aristocratic	{{Cite wp fact|Baron Cornwallis}}	definite start date	1661 JL
Baron Cottington (1631)	Peerage of England	Aristocratic	{{Cite wp fact|Baron Cottington}}	definite start date	1631 JL
Baron Coventry (1628)	Peerage of England	Aristocratic	{{Cite wp fact|Baron Coventry}}	definite start date	1628 JL
Earl of Middlesex (1622)	Peerage of England	Aristocratic	{{Cite wp fact|Earl of Middlesex}}	definite start date	1622 JL
Lord Cranstoun (1609)	Peerage of Scotland	Aristocratic	{{Cite wp fact|Lord Cranstoun}}	definite start date	1609 JL
Baron Craven of Ryton (1643)	Peerage of England	Aristocratic	{{Cite wp fact|Baron Craven of Ryton}}	definite start date	1643 JL
Baron Craven of Hamstead Marshall (1627)	Peerage of England	Aristocratic	{{Cite wp fact|Baron Craven}}	definite start date	1627 JL
Earl of Craven (1664)	Peerage of England	Aristocratic	{{Cite wp fact|Earl of Craven}}	definite start date	1664 JL
Baron Crew (1661)	Peerage of England	Aristocratic	{{Cite wp fact|Baron Crew}}	definite start date	1661 JL
Viscount of Frendraught (1642)	Peerage of Scotland	Aristocratic	{{Cite wp fact|Viscount of Frendraught}}	definite start date	1642 JL
Viscount of Ayr (1622)	Peerage of Scotland	Aristocratic	{{Cite wp fact|Viscount of Ayr}}	definite start date	1622 JL
Earl of Dumfries (1633)	Peerage of Scotland	Aristocratic	{{Cite wp fact|Earl of Dumfries}}	definite start date	1633 JL
Baron Crofts (1658)	Peerage of England	Aristocratic	{{Cite wp fact|Baron Crofts}}	definite start date	1658 JL
Viscount Lecale (1624)	Peerage of Ireland	Aristocratic	{{Cite wp fact|Viscount Lecale}}	definite start date	1624 JL
Earl of Ardglass (1645)	Peerage of Ireland	Aristocratic	{{Cite wp fact|Earl of Ardglass}}	definite start date	1645 JL
Earl of Glencairn (1488)	Peerage of Scotland	Aristocratic	{{Cite wp fact|Earl of Glencairn}}	definite start date	1488 JL
Earl of Carnwath (1639)	Peerage of Scotland	Aristocratic	{{Cite wp fact|Earl of Carnwath}}	definite start date	1639 JL
Earl of Dysart (1643)	Peerage of Scotland	Aristocratic	{{Cite wp fact|Earl of Dysart}}	definite start date	1643 JL
Earl of Danby (1626)	Peerage of England	Aristocratic	{{Cite wp fact|Earl of Danby}}	definite start date	1626 JL
Baron Darcy de Knayth (1332)	Peerage of England	Aristocratic	{{Cite wp fact|Baron Darcy de Knayth}}	definite start date	1332 JL
Baron Darcy of Aston (1548)	Peerage of England	Aristocratic	{{Cite wp fact|Baron Darcy of Aston}}	definite start date	1548 JL
Earl Rivers (1626)	Peerage of England	Aristocratic	{{Cite wp fact|Earl Rivers}}	definite start date	1626 JL
Baron Athenry (1172)	Peerage of Ireland	Aristocratic	{{Cite wp fact|Baron Athenry}}	definite start date	1172 JL
Baron Kingsale (1223)	Peerage of Ireland	Aristocratic	{{Cite wp fact|Baron Kingsale}}	definite start date	1223 JL
Baron Reede (1645)	Peerage of England	Aristocratic	{{Cite wp fact|Baron Reede}}	definite start date	1645 JL
Earl of Oxford (1142)	Peerage of England	Aristocratic	{{Cite wp fact|Earl of Oxford}}	definite start date	1142 JL
Earl of Norwich (1626)	Peerage of England	Aristocratic	{{Cite wp fact|Earl of Norwich}}	definite start date	1626 JL
Viscount Hereford (1550)	Peerage of England	Aristocratic	{{Cite wp fact|Viscount Hereford}}	definite start date	1550 JL
Earl of Essex (1572)	Peerage of England	Aristocratic	{{Cite wp fact|Earl of Essex}}	definite start date	1572 JL
Earl of Bristol (1622)	Peerage of England	Aristocratic	{{Cite wp fact|Earl of Bristol}}	definite start date	1622 JL
Baron Digby (1620)	Peerage of Ireland	Aristocratic	{{Cite wp fact|Baron Digby}}	definite start date	1620 JL
Baron Offaly (1620)	Peerage of Ireland	Aristocratic	{{Cite wp fact|Baron Offaly}}	definite start date	1620 JL
Earl of Roscommon (1622)	Peerage of Ireland	Aristocratic	{{Cite wp fact|Earl of Roscommon}}	definite start date	1622 JL
Viscount Dillon (1622)	Peerage of Ireland	Aristocratic	{{Cite wp fact|Viscount Dillon}}	definite start date	1622 JL
Baron Dockwra (1621)	Peerage of Ireland	Aristocratic	{{Cite wp fact|Baron Dockwra}}	definite start date	1621 JL
Viscount Dungan (1662)	Peerage of Ireland	Aristocratic	{{Cite wp fact|Viscount Dungan}}	definite start date	1662 JL
Earl of Carnarvon (1628)	Peerage of England	Aristocratic	{{Cite wp fact|Earl of Carnarvon}}	definite start date	1628 JL
Earl of Forfar (1661)	Peerage of Scotland	Aristocratic	{{Cite wp fact|Earl of Forfar}}	definite start date	1661 JL
Earl of Ormonde (1651)	Peerage of Scotland	Aristocratic	{{Cite wp fact|Earl of Ormond (Scotland)}}	definite start date	1651 JL
Lord Carlyle of Torthorwald (1473)	Peerage of Scotland	Aristocratic	{{Cite wp fact|Lord Carlyle of Torthorwald}}	definite start date	1473 JL
Earl of Queensberry (1633)	Peerage of Scotland	Aristocratic	{{Cite wp fact|Earl of Queensberry}}	definite start date	1633 JL
Marquess of Douglas (1633)	Peerage of Scotland	Aristocratic	{{Cite wp fact|Marquess of Douglas}}	definite start date	1633 JL
Viscount of Belhaven (1633)	Peerage of Scotland	Aristocratic	{{Cite wp fact|Viscount of Belhaven}}	definite start date	1633 JL
Earl of Morton (1458)	Peerage of Scotland	Aristocratic	{{Cite wp fact|Earl of Morton}}	definite start date	1458 JL
Viscount of Drumlanrig (1628)	Peerage of Scotland	Aristocratic	{{Cite wp fact|Viscount of Drumlanrig}}	definite start date	1628 JL
Earl of Angus (1389)	Peerage of Scotland	Aristocratic	{{Cite wp fact|Earl of Angus}}	definite start date	1389 JL
Lord Madderty (1609)	Peerage of Scotland	Aristocratic	{{Cite wp fact|Lord Maderty}}	definite start date	1609 JL
Earl of Perth (1605)	Peerage of Scotland	Aristocratic	{{Cite wp fact|Earl of Perth}}	definite start date	1605 JL
Earl of Bridgewater (1617)	Peerage of England	Aristocratic	{{Cite wp fact|Earl of Bridgewater}}	definite start date	1617 JL
Lord Elphinstone (1509)	Peerage of Scotland	Aristocratic	{{Cite wp fact|Lord Elphinstone}}	definite start date	1509 JL
Lord Coupar (1607)	Peerage of Scotland	Aristocratic	{{Cite wp fact|Lord Coupar}}	definite start date	1607 JL
Lord Balmerino (1606)	Peerage of Scotland	Aristocratic	{{Cite wp fact|Lord Balmerinoch}}	definite start date	1606 JL
Earl of Kellie (1619)	Peerage of Scotland	Aristocratic	{{Cite wp fact|Earl of Kellie}}	definite start date	1619 JL
Earl of Mar (1114)	Peerage of Scotland	Aristocratic	{{Cite wp fact|Earl of Mar}}	definite start date	1114 JL
Lord Cardross (1610)	Peerage of Scotland	Aristocratic	{{Cite wp fact|Lord Cardross}}	definite start date	1610 JL
Earl of Buchan (1469)	Peerage of Scotland	Aristocratic	{{Cite wp fact|Earl of Buchan}}	definite start date	1469 JL
Baron Esmonde (1622)	Peerage of Ireland	Aristocratic	{{Cite wp fact|Baron Esmonde}}	definite start date	1622 JL
Baron Eure (1544)	Peerage of England	Aristocratic	{{Cite wp fact|Baron Eure}}	definite start date	1544 JL
Viscount Fairfax of Emley (1629)	Peerage of Ireland	Aristocratic	{{Cite wp fact|Viscount Fairfax of Emley}}	definite start date	1629 JL
Lord Fairfax of Cameron (1627)	Peerage of Scotland	Aristocratic	{{Cite wp fact|Lord Fairfax of Cameron}}	definite start date	1627 JL
Lord Falconer of Halkerton (1646)	Peerage of Scotland	Aristocratic	{{Cite wp fact|Lord Falconer of Halkerton}}	definite start date	1646 JL
Earl of Westmorland (1624)	Peerage of England	Aristocratic	{{Cite wp fact|Earl of Westmorland}}	definite start date	1624 JL
Viscount Fanshawe (1661)	Peerage of Ireland	Aristocratic	{{Cite wp fact|Viscount Fanshawe}}	definite start date	1661 JL
Earl of Denbigh (1622)	Peerage of England	Aristocratic	{{Cite wp fact|Earl of Denbigh}}	definite start date	1622 JL
Earl of Desmond (1628)	Peerage of Ireland	Aristocratic	{{Cite wp fact|Earl of Desmond}}	definite start date	1628 JL
Viscount Saye and Sele (1624)	Peerage of England	Aristocratic	{{Cite wp fact|Viscount Saye and Sele}}	definite start date	1624 JL
Earl of Winchilsea (1628)	Peerage of England	Aristocratic	{{Cite wp fact|Earl of Winchilsea}}	definite start date	1628 JL
Baron Finch (1640)	Peerage of England	Aristocratic	{{Cite wp fact|John Finch, 1st Baron Finch}}	definite start date	1640 JL
Earl of Kildare (1316)	Peerage of Ireland	Aristocratic	{{Cite wp fact|Earl of Kildare}}	definite start date	1316 JL
Baron Kerry (1223)	Peerage of Ireland	Aristocratic	{{Cite wp fact|Baron Kerry}}	definite start date	1223 JL
Baron Upper Ossory (1541)	Peerage of Ireland	Aristocratic	{{Cite wp fact|Baron Upper Ossory}}	definite start date	1541 JL
Viscount FitzWilliam (1629)	Peerage of Ireland	Aristocratic	{{Cite wp fact|Viscount FitzWilliam}}	definite start date	1629 JL
Earl of Tyrconnell (1661)	Peerage of Ireland	Aristocratic	{{Cite wp fact|Earl of Tyrconnell}}	definite start date	1661 JL
Baron Fitzwilliam (1620)	Peerage of Ireland	Aristocratic	{{Cite wp fact|Baron Fitzwilliam}}	definite start date	1620 JL
Baron Slane (1370)	Peerage of Ireland	Aristocratic	{{Cite wp fact|Baron Slane}}	definite start date	1370 JL
Earl of Wigtown (1606)	Peerage of Scotland	Aristocratic	{{Cite wp fact|Earl of Wigtown}}	definite start date	1606 JL
Baron Folliott (1620)	Peerage of Ireland	Aristocratic	{{Cite wp fact|Baron Folliot}}	definite start date	1620 JL
Lord Forbes (1442)	Peerage of Scotland	Aristocratic	{{Cite wp fact|Lord Forbes}}	definite start date	1442 JL
Lord Forbes of Pitsligo (1633)	Peerage of Scotland	Aristocratic	{{Cite wp fact|Lord Forbes of Pitsligo}}	definite start date	1633 JL
Lord Fraser (1633)	Peerage of Scotland	Aristocratic	{{Cite wp fact|Lord Fraser}}	definite start date	1633 JL
Lord Lovat (1464)	Peerage of Scotland	Aristocratic	{{Cite wp fact|Lord Lovat}}	definite start date	1464 JL
Baron Frescheville (1665)	Peerage of England	Aristocratic	{{Cite wp fact|Baron Frescheville}}	definite start date	1665 JL
Lord Dunkeld (1645)	Peerage of Scotland	Aristocratic	{{Cite wp fact|Lord Dunkeld}}	definite start date	1645 JL
Baron Gerard of Brandon (1645)	Peerage of England	Aristocratic	{{Cite wp fact|Baron Gerard of Brandon}}	definite start date	1645 JL
Baron Gerard (1603)	Peerage of England	Aristocratic	{{Cite wp fact|Baron Gerard}}	definite start date	1603 JL
Viscount of Kenmure (1633)	Peerage of Scotland	Aristocratic	{{Cite wp fact|Viscount of Kenmure}}	definite start date	1633 JL
Earl of Aboyne (1660)	Peerage of Scotland	Aristocratic	{{Cite wp fact|Earl of Aboyne}}	definite start date	1660 JL
Marquess of Huntly (1599)	Peerage of Scotland	Aristocratic	{{Cite wp fact|Marquess of Huntly}}	definite start date	1599 JL
Viscount of Aboyne (1632)	Peerage of Scotland	Aristocratic	{{Cite wp fact|Viscount of Aboyne}}	definite start date	1632 JL
Earl of Sutherland (1235)	Peerage of Scotland	Aristocratic	{{Cite wp fact|Earl of Sutherland}}	definite start date	1235 JL
Baron Gorges of Dundalk (1620)	Peerage of Ireland	Aristocratic	{{Cite wp fact|Baron Gorges of Dundalk}}	definite start date	1620 JL
Earl of Norwich (1644)	Peerage of England	Aristocratic	{{Cite wp fact|Earl of Norwich}}	definite start date	1644 JL
Baron Goring (1628)	Peerage of England	Aristocratic	{{Cite wp fact|Baron Goring}}	definite start date	1628 JL
Earl of Montrose (1503)	Peerage of Scotland	Aristocratic	{{Cite wp fact|Earl of Montrose}}	definite start date	1503 JL
Marquess of Montrose (1644)	Peerage of Scotland	Aristocratic	{{Cite wp fact|Marquess of Montrose}}	definite start date	1644 JL
Earl of Menteith (1427)	Peerage of Scotland	Aristocratic	{{Cite wp fact|Earl of Menteith}}	definite start date	1427 JL
Earl of Airth (1633)	Peerage of Scotland	Aristocratic	{{Cite wp fact|Earl of Airth}}	definite start date	1633 JL
Earl of Bath (1661)	Peerage of England	Aristocratic	{{Cite wp fact|Earl of Bath}}	definite start date	1661 JL
Lord Gray (1445)	Peerage of Scotland	Aristocratic	{{Cite wp fact|Lord Gray}}	definite start date	1445 JL
Baron Brooke (1621)	Peerage of England	Aristocratic	{{Cite wp fact|Baron Brooke}}	definite start date	1621 JL
Baron Willoughby de Broke (1491)	Peerage of England	Aristocratic	{{Cite wp fact|Baron Willoughby de Broke}}	definite start date	1491 JL
Earl of Kent (1465)	Peerage of England	Aristocratic	{{Cite wp fact|Earl of Kent}}	definite start date	1465 JL
Earl of Stamford (1628)	Peerage of England	Aristocratic	{{Cite wp fact|Earl of Stamford}}	definite start date	1628 JL
Baron Lucas of Crudwell (1663)	Peerage of England	Aristocratic	{{Cite wp fact|Baron Lucas of Crudwell}}	definite start date	1663 JL
Baron Grey of Werke (1624)	Peerage of England	Aristocratic	{{Cite wp fact|Baron Grey of Warke}}	definite start date	1624 JL
Duke of Hamilton (1643)	Peerage of Scotland	Aristocratic	{{Cite wp fact|Duke of Hamilton}}	definite start date	1643 JL
Earl of Haddington (1619)	Peerage of Scotland	Aristocratic	{{Cite wp fact|Earl of Haddington}}	definite start date	1619 JL
Baron Hamilton of Strabane (1617)	Peerage of Ireland	Aristocratic	{{Cite wp fact|Baron Hamilton of Strabane}}	definite start date	1617 JL
Earl of Clanbrassil (1647)	Peerage of Ireland	Aristocratic	{{Cite wp fact|Earl of Clanbrassil}}	definite start date	1647 JL
Baron Hamilton of Glenawly (1661)	Peerage of Ireland	Aristocratic	{{Cite wp fact|Baron Hamilton of Glenawly}}	definite start date	1661 JL
Earl of Cambridge (1619)	Peerage of England	Aristocratic	{{Cite wp fact|Earl of Cambridge}}	definite start date	1619 JL
Marquess of Hamilton (1599)	Peerage of Scotland	Aristocratic	{{Cite wp fact|Duke of Hamilton}}	definite start date	1599 JL
Viscount Claneboye (1622)	Peerage of Ireland	Aristocratic	{{Cite wp fact|Viscount Claneboye}}	definite start date	1622 JL
Earl of Abercorn (1606)	Peerage of Scotland	Aristocratic	{{Cite wp fact|Earl of Abercorn}}	definite start date	1606 JL
Lord Bargany (1641)	Peerage of Scotland	Aristocratic	{{Cite wp fact|Lord Bargany}}	definite start date	1641 JL
Lord Belhaven and Stenton (1647)	Peerage of Scotland	Aristocratic	{{Cite wp fact|Lord Belhaven and Stenton}}	definite start date	1647 JL
Earl of Lanark (1639)	Peerage of Scotland	Aristocratic	{{Cite wp fact|Earl of Lanark}}	definite start date	1639 JL
Earl of Selkirk (1646)	Peerage of Scotland	Aristocratic	{{Cite wp fact|Earl of Selkirk}}	definite start date	1646 JL
Baron Coleraine (1625)	Peerage of Ireland	Aristocratic	{{Cite wp fact|Baron Coleraine}}	definite start date	1625 JL
Earl of Huntingdon (1529)	Peerage of England	Aristocratic	{{Cite wp fact|Earl of Huntingdon}}	definite start date	1529 JL
Baron Loughborough (1643)	Peerage of England	Aristocratic	{{Cite wp fact|Baron Loughborough}}	definite start date	1643 JL
Baron Hatton (1642)	Peerage of England	Aristocratic	{{Cite wp fact|Baron Hatton}}	definite start date	1642 JL
Baron Hawley (1646)	Peerage of Ireland	Aristocratic	{{Cite wp fact|Baron Hawley}}	definite start date	1646 JL
Earl of Erroll (1452)	Peerage of Scotland	Aristocratic	{{Cite wp fact|Earl of Erroll}}	definite start date	1452 JL
Viscount of Dupplin (1627)	Peerage of Scotland	Aristocratic	{{Cite wp fact|Viscount of Dupplin}}	definite start date	1627 JL
Earl of Kinnoull (1633)	Peerage of Scotland	Aristocratic	{{Cite wp fact|Earl of Kinnoull}}	definite start date	1633 JL
Earl of Carlisle (1622)	Peerage of England	Aristocratic	{{Cite wp fact|Earl of Carlisle}}	definite start date	1622 JL
Lord Hay of Yester (1488)	Peerage of Scotland	Aristocratic	{{Cite wp fact|Lord Hay of Yester}}	definite start date	1488 JL
Earl of Tweeddale (1646)	Peerage of Scotland	Aristocratic	{{Cite wp fact|Earl of Tweeddale}}	definite start date	1646 JL
Baron Herbert of Castle Island (1624)	Peerage of Ireland	Aristocratic	{{Cite wp fact|Baron Herbert of Castle Island}}	definite start date	1624 JL
Baron Herbert of Cherbury (1629)	Peerage of England	Aristocratic	{{Cite wp fact|Baron Herbert of Chirbury}}	definite start date	1629 JL
Baron Powis (1629)	Peerage of England	Aristocratic	{{Cite wp fact|Baron Powis}}	definite start date	1629 JL
Earl of Montgomery (1605)	Peerage of England	Aristocratic	{{Cite wp fact|Earl of Montgomery}}	definite start date	1605 JL
Earl of Pembroke (1551)	Peerage of England	Aristocratic	{{Cite wp fact|Earl of Pembroke}}	definite start date	1551 JL
Baron Hervey (1620)	Peerage of Ireland	Aristocratic	{{Cite wp fact|Baron Hervey}}	definite start date	1620 JL
Baron Hervey (1628)	Peerage of England	Aristocratic	{{Cite wp fact|Baron Hervey}}	definite start date	1628 JL
Baron Windsor (1529)	Peerage of England	Aristocratic	{{Cite wp fact|Baron Windsor}}	definite start date	1529 JL
Baron Holles (1661)	Peerage of England	Aristocratic	{{Cite wp fact|Baron Holles}}	definite start date	1661 JL
Earl of Clare (1624)	Peerage of England	Aristocratic	{{Cite wp fact|Earl of Clare}}	definite start date	1624 JL
Earl of Home (1605)	Peerage of Scotland	Aristocratic	{{Cite wp fact|Earl of Home}}	definite start date	1605 JL
Baron Hopton (1643)	Peerage of England	Aristocratic	{{Cite wp fact|Baron Hopton}}	definite start date	1643 JL
Baron Furnivall (1299)	Peerage of England	Aristocratic	{{Cite wp fact|Baron Furnivall}}	definite start date	1299 JL
Earl of Carlisle (1661)	Peerage of England	Aristocratic	{{Cite wp fact|Earl of Carlisle}}	definite start date	1661 JL
Earl of Berkshire (1626)	Peerage of England	Aristocratic	{{Cite wp fact|Earl of Berkshire}}	definite start date	1626 JL
Earl of Nottingham (1596)	Peerage of England	Aristocratic	{{Cite wp fact|Earl of Nottingham}}	definite start date	1596 JL
Baron Howard of Escrick (1628)	Peerage of England	Aristocratic	{{Cite wp fact|Baron Howard of Escrick}}	definite start date	1628 JL
Earl of Arundel (1138)	Peerage of England	Aristocratic	{{Cite wp fact|Earl of Arundel}}	definite start date	1138 JL
Baron Howard of Castle Rising (1669)	Peerage of England	Aristocratic	{{Cite wp fact|Baron Howard of Castle Rising}}	definite start date	1669 JL
Earl of Suffolk (1603)	Peerage of England	Aristocratic	{{Cite wp fact|Earl of Suffolk}}	definite start date	1603 JL
Duke of Norfolk (1483)	Peerage of England	Aristocratic	{{Cite wp fact|Duke of Norfolk}}	definite start date	1483 JL
Viscount Stafford (1640)	Peerage of England	Aristocratic	{{Cite wp fact|Viscount Stafford}}	definite start date	1640 JL
Earl of Clarendon (1661)	Peerage of England	Aristocratic	{{Cite wp fact|Earl of Clarendon}}	definite start date	1661 JL
Viscount of Irvine (1661)	Peerage of Scotland	Aristocratic	{{Cite wp fact|Viscount of Irvine}}	definite start date	1661 JL
Duke of York (1644)	Peerage of England	Aristocratic	{{Cite wp fact|Duke of York}}	definite start date	1644 JL
Duke of Albany (1660)	Peerage of Scotland	Aristocratic	{{Cite wp fact|Duke of Albany}}	definite start date	1660 JL
Baron Jermyn (1643)	Peerage of England	Aristocratic	{{Cite wp fact|Baron Jermyn}}	definite start date	1643 JL
Earl of St Albans (1660)	Peerage of England	Aristocratic	{{Cite wp fact|Earl of St Albans}}	definite start date	1660 JL
Earl of Hartfell (1643)	Peerage of Scotland	Aristocratic	{{Cite wp fact|Earl of Hartfell}}	definite start date	1643 JL
Earl of Annandale and Hartfell (1661)	Peerage of Scotland	Aristocratic	{{Cite wp fact|Earl of Annandale and Hartfell (1661)}}	definite start date	1661 JL
Viscount Ranelagh (1628)	Peerage of Ireland	Aristocratic	{{Cite wp fact|Viscount Ranelagh}}	definite start date	1628 JL
Earl Marischal (1458)	Peerage of Scotland	Aristocratic	{{Cite wp fact|Earl Marischal}}	definite start date	1458 JL
Earl of Cassilis (1509)	Peerage of Scotland	Aristocratic	{{Cite wp fact|Earl of Cassilis}}	definite start date	1509 JL
Lord Jedburgh (1622)	Peerage of Scotland	Aristocratic	{{Cite wp fact|Lord Jedburgh}}	definite start date	1622 JL
Earl of Roxburghe (1616)	Peerage of Scotland	Aristocratic	{{Cite wp fact|Earl of Roxburghe}}	definite start date	1616 JL
Earl of Ancram (1633)	Peerage of Scotland	Aristocratic	{{Cite wp fact|Earl of Ancram}}	definite start date	1633 JL
Earl of Lothian (1631)	Peerage of Scotland	Aristocratic	{{Cite wp fact|Marquess of Lothian}}	definite start date	1631 JL
Lord Eythin (1642)	Peerage of Scotland	Aristocratic	{{Cite wp fact|Lord Eythin}}	definite start date	1642 JL
Baron Kingston (1660)	Peerage of Ireland	Aristocratic	{{Cite wp fact|Baron Kingston}}	definite start date	1660 JL
Baron Wotton (1650)	Peerage of England	Aristocratic	{{Cite wp fact|Baron Wotton}}	definite start date	1650 JL
Earl of Banbury (1626)	Peerage of England	Aristocratic	{{Cite wp fact|Earl of Banbury}}	definite start date	1626 JL
Baron Lambart (1618)	Peerage of Ireland	Aristocratic	{{Cite wp fact|Baron Lambart}}	definite start date	1618 JL
Earl of Cavan (1647)	Peerage of Ireland	Aristocratic	{{Cite wp fact|Earl of Cavan}}	definite start date	1647 JL
Baron Langdale (1658)	Peerage of England	Aristocratic	{{Cite wp fact|Baron Langdale}}	definite start date	1658 JL
Baron Dunsmore (1628)	Peerage of England	Aristocratic	{{Cite wp fact|Earl of Chichester}}	definite start date	1628 JL
Earl of Chichester (1644)	Peerage of England	Aristocratic	{{Cite wp fact|Earl of Chichester}}	definite start date	1644 JL
Baron Leigh (1643)	Peerage of England	Aristocratic	{{Cite wp fact|Baron Leigh}}	definite start date	1643 JL
Baron Deincourt (1624)	Peerage of England	Aristocratic	{{Cite wp fact|Baron Deincourt of Sutton}}	definite start date	1624 JL
Earl of Scarsdale (1645)	Peerage of England	Aristocratic	{{Cite wp fact|Earl of Scarsdale}}	definite start date	1645 JL
Baron Dacre (1321)	Peerage of England	Aristocratic	{{Cite wp fact|Baron Dacre}}	definite start date	1321 JL
Earl of Leven (1641)	Peerage of Scotland	Aristocratic	{{Cite wp fact|Earl of Leven}}	definite start date	1641 JL
Lord Newark (1661)	Peerage of Scotland	Aristocratic	{{Cite wp fact|Lord Newark}}	definite start date	1661 JL
Lord Lindores (1600)	Peerage of Scotland	Aristocratic	{{Cite wp fact|Lord Lindores}}	definite start date	1600 JL
Earl of Rothes (1458)	Peerage of Scotland	Aristocratic	{{Cite wp fact|Earl of Rothes}}	definite start date	1458 JL
Earl of Marlborough (1626)	Peerage of England	Aristocratic	{{Cite wp fact|Earl of Marlborough}}	definite start date	1626 JL
Earl of Crawford (1398)	Peerage of Scotland	Aristocratic	{{Cite wp fact|Earl of Crawford}}	definite start date	1398 JL
Lord Lindsay of Balcarres (1633)	Peerage of Scotland	Aristocratic	{{Cite wp fact|Lord Lindsay of Balcarres}}	definite start date	1633 JL
Earl of Balcarres (1651)	Peerage of Scotland	Aristocratic	{{Cite wp fact|Earl of Balcarres}}	definite start date	1651 JL
Lord Spynie (1590)	Peerage of Scotland	Aristocratic	{{Cite wp fact|Lord Spynie}}	definite start date	1590 JL
Lord Lindsay of the Byres (1445)	Peerage of Scotland	Aristocratic	{{Cite wp fact|Lord Lindsay of the Byres}}	definite start date	1445 JL
Earl of Lindsay (1633)	Peerage of Scotland	Aristocratic	{{Cite wp fact|Earl of Lindsay}}	definite start date	1633 JL
Baron Lyttelton (1641)	Peerage of England	Aristocratic	{{Cite wp fact|Baron Lyttelton}}	definite start date	1641 JL
Earl of Linlithgow (1600)	Peerage of Scotland	Aristocratic	{{Cite wp fact|Earl of Linlithgow}}	definite start date	1600 JL
Lord Livingston of Almond (1633)	Peerage of Scotland	Aristocratic	{{Cite wp fact|Lord Livingston of Almond}}	definite start date	1633 JL
Earl of Callendar (1641)	Peerage of Scotland	Aristocratic	{{Cite wp fact|Earl of Callendar}}	definite start date	1641 JL
Viscount of Newburgh (1647)	Peerage of Scotland	Aristocratic	{{Cite wp fact|Viscount of Newburgh}}	definite start date	1647 JL
Earl of Newburgh (1660)	Peerage of Scotland	Aristocratic	{{Cite wp fact|Earl of Newburgh}}	definite start date	1660 JL
Viscount of Kilsyth (1661)	Peerage of Scotland	Aristocratic	{{Cite wp fact|Viscount of Kilsyth}}	definite start date	1661 JL
Viscount Loftus (1622)	Peerage of Ireland	Aristocratic	{{Cite wp fact|Viscount Loftus}}	definite start date	1622 JL
Baron Grey de Ruthyn (1325)	Peerage of England	Aristocratic	{{Cite wp fact|Baron Grey of Ruthyn}}	definite start date	1325 JL
Baron Lovelace (1627)	Peerage of England	Aristocratic	{{Cite wp fact|Baron Lovelace}}	definite start date	1627 JL
Baron Lucas of Shenfield (1645)	Peerage of England	Aristocratic	{{Cite wp fact|Baron Lucas}}	definite start date	1645 JL
Viscount Lumley (1628)	Peerage of Ireland	Aristocratic	{{Cite wp fact|Viscount Lumley}}	definite start date	1628 JL
Earl of Kinghorne (1606)	Peerage of Scotland	Aristocratic	{{Cite wp fact|Earl of Kinghorne}}	definite start date	1606 JL
Viscount Muskerry (1628)	Peerage of Ireland	Aristocratic	{{Cite wp fact|Viscount Muskerry}}	definite start date	1628 JL
Earl of Clancarty (1658)	Peerage of Ireland	Aristocratic	{{Cite wp fact|Earl of Clancarty}}	definite start date	1658 JL
Earl of Antrim (1620)	Peerage of Ireland	Aristocratic	{{Cite wp fact|Earl of Antrim}}	definite start date	1620 JL
Marquess of Antrim (1645)	Peerage of Ireland	Aristocratic	{{Cite wp fact|Marquess of Antrim}}	definite start date	1645 JL
Lord Reay (1628)	Peerage of Scotland	Aristocratic	{{Cite wp fact|Lord Reay}}	definite start date	1628 JL
Earl of Seaforth (1623)	Peerage of Scotland	Aristocratic	{{Cite wp fact|Earl of Seaforth}}	definite start date	1623 JL
Lord Kirkcudbright (1633)	Peerage of Scotland	Aristocratic	{{Cite wp fact|Lord Kirkcudbright}}	definite start date	1633 JL
Viscount Magennis (1623)	Peerage of Ireland	Aristocratic	{{Cite wp fact|Viscount Magennis}}	definite start date	1623 JL
Baron Maguire (1628)	Peerage of Ireland	Aristocratic	{{Cite wp fact|Baron Maguire}}	definite start date	1628 JL
Earl of Lauderdale (1624)	Peerage of Scotland	Aristocratic	{{Cite wp fact|Earl of Lauderdale}}	definite start date	1624 JL
Viscount of Oxfuird (1651)	Peerage of Scotland	Aristocratic	{{Cite wp fact|Viscount of Oxfuird}}	definite start date	1651 JL
Earl of Rutland (1525)	Peerage of England	Aristocratic	{{Cite wp fact|Earl of Rutland}}	definite start date	1525 JL
Earl of Panmure (1646)	Peerage of Scotland	Aristocratic	{{Cite wp fact|Earl of Panmure}}	definite start date	1646 JL
Lord Innerwick (1638)	Peerage of Scotland	Aristocratic	{{Cite wp fact|Lord Innerwick}}	definite start date	1638 JL
Earl of Dirletoun (1646)	Peerage of Scotland	Aristocratic	{{Cite wp fact|Earl of Dirletoun}}	definite start date	1646 JL
Earl of Nithsdale (1620)	Peerage of Scotland	Aristocratic	{{Cite wp fact|Earl of Nithsdale}}	definite start date	1620 JL
Lord Herries of Terregles (1490)	Peerage of Scotland	Aristocratic	{{Cite wp fact|Lord Herries of Terregles}}	definite start date	1490 JL
Baron Maynard (1620)	Peerage of Ireland	Aristocratic	{{Cite wp fact|Baron Maynard}}	definite start date	1620 JL
Baron Maynard (1628)	Peerage of England	Aristocratic	{{Cite wp fact|Baron Maynard}}	definite start date	1628 JL
Lord Melville of Monymaill (1616)	Peerage of Scotland	Aristocratic	{{Cite wp fact|Lord Melville of Monymaill}}	definite start date	1616 JL
Earl of Middleton (1660)	Peerage of Scotland	Aristocratic	{{Cite wp fact|Earl of Middleton}}	definite start date	1660 JL
Baron FitzWalter (1295)	Peerage of England	Aristocratic	{{Cite wp fact|Baron FitzWalter}}	definite start date	1295 JL
Baron Mohun of Okehampton (1628)	Peerage of England	Aristocratic	{{Cite wp fact|Baron Mohun of Okehampton}}	definite start date	1628 JL
Viscount Molyneux (1628)	Peerage of Ireland	Aristocratic	{{Cite wp fact|Viscount Molyneux}}	definite start date	1628 JL
Duke of Albemarle (1660)	Peerage of England	Aristocratic	{{Cite wp fact|Duke of Albemarle}}	definite start date	1660 JL
Viscount Monson (1628)	Peerage of Ireland	Aristocratic	{{Cite wp fact|Viscount Monson}}	definite start date	1628 JL
Baron Montagu of Boughton (1621)	Peerage of England	Aristocratic	{{Cite wp fact|Baron Montagu of Boughton}}	definite start date	1621 JL
Earl of Sandwich (1660)	Peerage of England	Aristocratic	{{Cite wp fact|Earl of Sandwich}}	definite start date	1660 JL
Earl of Manchester (1626)	Peerage of England	Aristocratic	{{Cite wp fact|Earl of Manchester}}	definite start date	1626 JL
Earl of Eglinton (1507)	Peerage of Scotland	Aristocratic	{{Cite wp fact|Earl of Eglinton}}	definite start date	1507 JL
Viscount Montgomery (1622)	Peerage of Ireland	Aristocratic	{{Cite wp fact|Earl of Mount Alexander}}	definite start date	1622 JL
Earl of Mount Alexander (1661)	Peerage of Ireland	Aristocratic	{{Cite wp fact|Earl of Mount Alexander}}	definite start date	1661 JL
Viscount Moore (1621)	Peerage of Ireland	Aristocratic	{{Cite wp fact|Viscount Moore}}	definite start date	1621 JL
Earl of Drogheda (1661)	Peerage of Ireland	Aristocratic	{{Cite wp fact|Earl of Drogheda}}	definite start date	1661 JL
Earl of Peterborough (1628)	Peerage of England	Aristocratic	{{Cite wp fact|Earl of Peterborough}}	definite start date	1628 JL
Viscount Mordaunt (1659)	Peerage of England	Aristocratic	{{Cite wp fact|Viscount Mordaunt}}	definite start date	1659 JL
Lord Balvaird (1641)	Peerage of Scotland	Aristocratic	{{Cite wp fact|Lord Balvaird}}	definite start date	1641 JL
Viscount of Stormont (1621)	Peerage of Scotland	Aristocratic	{{Cite wp fact|Viscount of Stormont}}	definite start date	1621 JL
Earl of Annandale (1625)	Peerage of Scotland	Aristocratic	{{Cite wp fact|Earl of Annandale}}	definite start date	1625 JL
Earl of Tullibardine (1628)	Peerage of Scotland	Aristocratic	{{Cite wp fact|Earl of Tullibardine}}	definite start date	1628 JL
Earl of Atholl (1629)	Peerage of Scotland	Aristocratic	{{Cite wp fact|Earl of Atholl}}	definite start date	1629 JL
Lord Elibank (1643)	Peerage of Scotland	Aristocratic	{{Cite wp fact|Lord Elibank}}	definite start date	1643 JL
Lord Napier (1627)	Peerage of Scotland	Aristocratic	{{Cite wp fact|Lord Napier}}	definite start date	1627 JL
Viscount Kilmorey (1625)	Peerage of Ireland	Aristocratic	{{Cite wp fact|Viscount Kilmorey}}	definite start date	1625 JL
Viscount Netterville (1622)	Peerage of Ireland	Aristocratic	{{Cite wp fact|Viscount Netterville}}	definite start date	1622 JL
Baron Bergavenny (1662)	Peerage of England	Aristocratic	{{Cite wp fact|Baron Bergavenny}}	definite start date	1662 JL
Baron Bergavenny (1604)	Peerage of England	Aristocratic	{{Cite wp fact|Baron Bergavenny}}	definite start date	1604 JL
Baron Bergavenny (1641)	Peerage of England	Aristocratic	{{Cite wp fact|Baron Bergavenny}}	definite start date	1641 JL
Baron Newport (1642)	Peerage of England	Aristocratic	{{Cite wp fact|Baron Newport}}	definite start date	1642 JL
Viscount Campden (1628)	Peerage of England	Aristocratic	{{Cite wp fact|Viscount Campden}}	definite start date	1628 JL
Baron North (1554)	Peerage of England	Aristocratic	{{Cite wp fact|Baron North}}	definite start date	1554 JL
Earl of Westmeath (1621)	Peerage of Ireland	Aristocratic	{{Cite wp fact|Earl of Westmeath}}	definite start date	1621 JL
Earl of Thomond (1543)	Peerage of Ireland	Aristocratic	{{Cite wp fact|Earl of Thomond}}	definite start date	1543 JL
Viscount Clare (1662)	Peerage of Ireland	Aristocratic	{{Cite wp fact|Viscount Clare}}	definite start date	1662 JL
Baron Inchiquin (1543)	Peerage of Ireland	Aristocratic	{{Cite wp fact|Baron Inchiquin}}	definite start date	1543 JL
Earl of Inchiquin (1654)	Peerage of Ireland	Aristocratic	{{Cite wp fact|Earl of Inchiquin}}	definite start date	1654 JL
Viscount Clanmalier (1631)	Peerage of Ireland	Aristocratic	{{Cite wp fact|Viscount Clanmalier}}	definite start date	1631 JL
Baron Glean-O'Mallun (1622)	Peerage of Ireland	Aristocratic	{{Cite wp fact|Baron Glean-O'Mallun}}	definite start date	1622 JL
Lord Banff (1642)	Peerage of Scotland	Aristocratic	{{Cite wp fact|Lord Banff}}	definite start date	1642 JL
Lord Ogilvy of Airlie (1491)	Peerage of Scotland	Aristocratic	{{Cite wp fact|Lord Ogilvy of Airlie}}	definite start date	1491 JL
Earl of Airlie (1639)	Peerage of Scotland	Aristocratic	{{Cite wp fact|Earl of Airlie}}	definite start date	1639 JL
Lord Ogilvy of Deskford (1616)	Peerage of Scotland	Aristocratic	{{Cite wp fact|Lord Ogilvy of Deskford}}	definite start date	1616 JL
Earl of Findlater (1638)	Peerage of Scotland	Aristocratic	{{Cite wp fact|Earl of Findlater}}	definite start date	1638 JL
Viscount Ogle (1645)	Peerage of Ireland	Aristocratic	{{Cite wp fact|Viscount Ogle}}	definite start date	1645 JL
Lord Oliphant (1455)	Peerage of Scotland	Aristocratic	{{Cite wp fact|Lord Oliphant}}	definite start date	1455 JL
Baron Paget (1552)	Peerage of England	Aristocratic	{{Cite wp fact|Baron Paget}}	definite start date	1552 JL
Earl of Castlemaine (1661)	Peerage of Ireland	Aristocratic	{{Cite wp fact|Earl of Castlemaine}}	definite start date	1661 JL
Baron Morley (1299)	Peerage of England	Aristocratic	{{Cite wp fact|Baron Morley}}	definite start date	1299 JL
Baron Monteagle (1514)	Peerage of England	Aristocratic	{{Cite wp fact|Baron Monteagle}}	definite start date	1514 JL
Marquess of Winchester (1551)	Peerage of England	Aristocratic	{{Cite wp fact|Marquess of Winchester}}	definite start date	1551 JL
Earl of Northumberland (1557)	Peerage of England	Aristocratic	{{Cite wp fact|Earl of Northumberland}}	definite start date	1557 JL
Baron Percy of Alnwick (1643)	Peerage of England	Aristocratic	{{Cite wp fact|Baron Percy}}	definite start date	1643 JL
Baron Petre (1603)	Peerage of England	Aristocratic	{{Cite wp fact|Baron Petre}}	definite start date	1603 JL
Earl of Kingston-upon-Hull (1628)	Peerage of England	Aristocratic	{{Cite wp fact|Earl of Kingston-upon-Hull}}	definite start date	1628 JL
Marquess of Dorchester (1645)	Peerage of England	Aristocratic	{{Cite wp fact|Marquess of Dorchester}}	definite start date	1645 JL
Baron of Dunsany (1462)	Peerage of Ireland	Aristocratic	{{Cite wp fact|Baron Dunsany}}	definite start date	1462 JL
Earl of Fingall (1628)	Peerage of Ireland	Aristocratic	{{Cite wp fact|Earl of Fingall}}	definite start date	1628 JL
Baron Louth (1541)	Peerage of Ireland	Aristocratic	{{Cite wp fact|Baron Louth}}	definite start date	1541 JL
Earl of Downe (1628)	Peerage of Ireland	Aristocratic	{{Cite wp fact|Earl of Downe}}	definite start date	1628 JL
Baron Poulett (1627)	Peerage of England	Aristocratic	{{Cite wp fact|Baron Poulett}}	definite start date	1627 JL
Viscount Valentia (1621)	Peerage of Ireland	Aristocratic	{{Cite wp fact|Viscount Valentia}}	definite start date	1621 JL
Baron Power (1535)	Peerage of Ireland	Aristocratic	{{Cite wp fact|Baron Power}}	definite start date	1535 JL
Viscount Tara (1650)	Peerage of Ireland	Aristocratic	{{Cite wp fact|Viscount Tara}}	definite start date	1650 JL
Viscount Gormanston (1478)	Peerage of Ireland	Aristocratic	{{Cite wp fact|Viscount Gormanston}}	definite start date	1478 JL
Earl of Sussex (1529)	Peerage of England	Aristocratic	{{Cite wp fact|Earl of Sussex}}	definite start date	1529 JL
Earl of Dalhousie (1633)	Peerage of Scotland	Aristocratic	{{Cite wp fact|Earl of Dalhousie}}	definite start date	1633 JL
Lord Ramsay of Dalhousie (1618)	Peerage of Scotland	Aristocratic	{{Cite wp fact|Lord Ramsay of Dalhousie}}	definite start date	1618 JL
Earl of Warwick (1618)	Peerage of England	Aristocratic	{{Cite wp fact|Earl of Warwick}}	definite start date	1618 JL
Earl of Holland (1624)	Peerage of England	Aristocratic	{{Cite wp fact|Earl of Holland}}	definite start date	1624 JL
Lord Cramond (1628)	Peerage of Scotland	Aristocratic	{{Cite wp fact|Lord Cramond}}	definite start date	1628 JL
Earl of Londonderry (1622)	Peerage of Ireland	Aristocratic	{{Cite wp fact|Earl of Londonderry}}	definite start date	1622 JL
Baron Robartes (1625)	Peerage of England	Aristocratic	{{Cite wp fact|Baron Robartes}}	definite start date	1625 JL
Lord Rollo (1651)	Peerage of Scotland	Aristocratic	{{Cite wp fact|Lord Rollo}}	definite start date	1651 JL
Baron Teynham (1616)	Peerage of England	Aristocratic	{{Cite wp fact|Baron Teynham}}	definite start date	1616 JL
Viscount Baltinglass (1627)	Peerage of Ireland	Aristocratic	{{Cite wp fact|Viscount Baltinglass}}	definite start date	1627 JL
Lord Ross (1499)	Peerage of Scotland	Aristocratic	{{Cite wp fact|Lord Ross}}	definite start date	1499 JL
Duke of Cumberland (1644)	Peerage of England	Aristocratic	{{Cite wp fact|Duke of Cumberland}}	definite start date	1644 JL
Earl of Bedford (1550)	Peerage of England	Aristocratic	{{Cite wp fact|Earl of Bedford}}	definite start date	1550 JL
Lord Rutherfurd (1661)	Peerage of Scotland	Aristocratic	{{Cite wp fact|Lord Rutherfurd}}	definite start date	1661 JL
Earl of Teviot (1663)	Peerage of Scotland	Aristocratic	{{Cite wp fact|Earl of Teviot}}	definite start date	1663 JL
Lord Ruthven of Ettrick (1639)	Peerage of Scotland	Aristocratic	{{Cite wp fact|Lord Ruthven of Ettrick}}	definite start date	1639 JL
Earl of Forth (1642)	Peerage of Scotland	Aristocratic	{{Cite wp fact|Earl of Forth}}	definite start date	1642 JL
Earl of Brentford (1644)	Peerage of England	Aristocratic	{{Cite wp fact|Earl of Brentford}}	definite start date	1644 JL
Lord Ruthven of Freeland (1650)	Peerage of Scotland	Aristocratic	{{Cite wp fact|Lord Ruthven of Freeland}}	definite start date	1650 JL
Earl of Dorset (1604)	Peerage of England	Aristocratic	{{Cite wp fact|Earl of Dorset}}	definite start date	1604 JL
Lord Abercrombie (1647)	Peerage of Scotland	Aristocratic	{{Cite wp fact|Lord Abercrombie}}	definite start date	1647 JL
Lord Torphichen (1564)	Peerage of Scotland	Aristocratic	{{Cite wp fact|Lord Torphichen}}	definite start date	1564 JL
Baron Sandys (1529)	Peerage of England	Aristocratic	{{Cite wp fact|Baron Sandys}}	definite start date	1529 JL
Viscount Sarsfield (1627)	Peerage of Ireland	Aristocratic	{{Cite wp fact|Viscount Sarsfield}}	definite start date	1627 JL
Viscount Castleton (1627)	Peerage of Ireland	Aristocratic	{{Cite wp fact|Viscount Castleton}}	definite start date	1627 JL
Countess Rivers (1641)	Peerage of England	Aristocratic	{{Cite wp fact|Earl Rivers}}	definite start date	1641 JL
Viscount Savage (1626)	Peerage of England	Aristocratic	{{Cite wp fact|Viscount Savage}}	definite start date	1626 JL
Viscount Halifax (1668)	Peerage of England	Aristocratic	{{Cite wp fact|Viscount Halifax}}	definite start date	1668 JL
Earl of Sussex (1644)	Peerage of England	Aristocratic	{{Cite wp fact|Earl of Sussex}}	definite start date	1644 JL
Viscount Savile (1628)	Peerage of Ireland	Aristocratic	{{Cite wp fact|Viscount Savile}}	definite start date	1628 JL
Earl of Buccleuch (1619)	Peerage of Scotland	Aristocratic	{{Cite wp fact|Earl of Buccleuch}}	definite start date	1619 JL
Duke of Buccleuch (1663)	Peerage of Scotland	Aristocratic	{{Cite wp fact|Duke of Buccleuch}}	definite start date	1663 JL
Duke of Monmouth (1663)	Peerage of England	Aristocratic	{{Cite wp fact|Duke of Monmouth}}	definite start date	1663 JL
Earl of Tarras (1660)	Peerage of Scotland	Aristocratic	{{Cite wp fact|Earl of Tarras}}	definite start date	1660 JL
Viscount of Dudhope (1641)	Peerage of Scotland	Aristocratic	{{Cite wp fact|Viscount of Dudhope}}	definite start date	1641 JL
Earl of Dundee (1660)	Peerage of Scotland	Aristocratic	{{Cite wp fact|Earl of Dundee}}	definite start date	1660 JL
Viscount Scudamore (1628)	Peerage of Ireland	Aristocratic	{{Cite wp fact|Viscount Scudamore}}	definite start date	1628 JL
Lord Sempill (1489)	Peerage of Scotland	Aristocratic	{{Cite wp fact|Lord Sempill}}	definite start date	1489 JL
Viscount of Kingston (1651)	Peerage of Scotland	Aristocratic	{{Cite wp fact|Viscount of Kingston}}	definite start date	1651 JL
Earl of Dunfermline (1605)	Peerage of Scotland	Aristocratic	{{Cite wp fact|Earl of Dunfermline}}	definite start date	1605 JL
Earl of Winton (1600)	Peerage of Scotland	Aristocratic	{{Cite wp fact|Earl of Winton}}	definite start date	1600 JL
Baron Seymour of Trowbridge (1641)	Peerage of England	Aristocratic	{{Cite wp fact|Baron Seymour of Trowbridge}}	definite start date	1641 JL
Earl of Hertford (1559)	Peerage of England	Aristocratic	{{Cite wp fact|Earl of Hertford}}	definite start date	1559 JL
Marquess of Hertford (1641)	Peerage of England	Aristocratic	{{Cite wp fact|Marquess of Hertford}}	definite start date	1641 JL
Duke of Somerset (1547)	Peerage of England	Aristocratic	{{Cite wp fact|Duke of Somerset}}	definite start date	1547 JL
Earl of Mulgrave (1626)	Peerage of England	Aristocratic	{{Cite wp fact|Earl of Mulgrave}}	definite start date	1626 JL
Baron Sherard (1627)	Peerage of Ireland	Aristocratic	{{Cite wp fact|Baron Sherard}}	definite start date	1627 JL
Earl of Leicester (1618)	Peerage of England	Aristocratic	{{Cite wp fact|Earl of Leicester}}	definite start date	1618 JL
Earl of Caithness (1455)	Peerage of Scotland	Aristocratic	{{Cite wp fact|Earl of Caithness}}	definite start date	1455 JL
Lord Sinclair (1449)	Peerage of Scotland	Aristocratic	{{Cite wp fact|Lord Sinclair}}	definite start date	1449 JL
Viscount Carrington (1643)	Peerage of Ireland	Aristocratic	{{Cite wp fact|Viscount Carrington}}	definite start date	1643 JL
Viscount Strangford (1628)	Peerage of Ireland	Aristocratic	{{Cite wp fact|Viscount Strangford}}	definite start date	1628 JL
Marquess of Worcester (1642)	Peerage of England	Aristocratic	{{Cite wp fact|Marquess of Worcester}}	definite start date	1642 JL
Earl of Worcester (1514)	Peerage of England	Aristocratic	{{Cite wp fact|Earl of Worcester}}	definite start date	1514 JL
Viscount Somerset (1626)	Peerage of Ireland	Aristocratic	{{Cite wp fact|Viscount Somerset}}	definite start date	1626 JL
Lord Somerville (1430)	Peerage of Scotland	Aristocratic	{{Cite wp fact|Lord Somerville}}	definite start date	1430 JL
Baron Spencer of Wormleighton (1603)	Peerage of England	Aristocratic	{{Cite wp fact|Baron Spencer}}	definite start date	1603 JL
Earl of Sunderland (1643)	Peerage of England	Aristocratic	{{Cite wp fact|Earl of Sunderland}}	definite start date	1643 JL
Earl of Bolingbroke (1624)	Peerage of England	Aristocratic	{{Cite wp fact|Earl of Bolingbroke}}	definite start date	1624 JL
Baron Howth (1425)	Peerage of Ireland	Aristocratic	{{Cite wp fact|Baron Howth}}	definite start date	1425 JL
Baron Stanhope (1605)	Peerage of England	Aristocratic	{{Cite wp fact|Baron Stanhope}}	definite start date	1605 JL
Countess of Chesterfield (1660)	Peerage of England	Aristocratic	{{Cite wp fact|Earl of Chesterfield}}	definite start date	1660 JL
Earl of Chesterfield (1628)	Peerage of England	Aristocratic	{{Cite wp fact|Earl of Chesterfield}}	definite start date	1628 JL
Earl of Derby (1485)	Peerage of England	Aristocratic	{{Cite wp fact|Earl of Derby}}	definite start date	1485 JL
Baron Strange (1628)	Peerage of England	Aristocratic	{{Cite wp fact|Baron Strange}}	definite start date	1628 JL
Earl of Galloway (1623)	Peerage of Scotland	Aristocratic	{{Cite wp fact|Earl of Galloway}}	definite start date	1623 JL
Lord Blantyre (1606)	Peerage of Scotland	Aristocratic	{{Cite wp fact|Lord Blantyre}}	definite start date	1606 JL
Baron Castle Stewart (1619)	Peerage of Ireland	Aristocratic	{{Cite wp fact|Baron Castle Stewart}}	definite start date	1619 JL
Earl of Lichfield (1645)	Peerage of England	Aristocratic	{{Cite wp fact|Earl of Lichfield}}	definite start date	1645 JL
Duke of Richmond (1641)	Peerage of England	Aristocratic	{{Cite wp fact|Duke of Richmond}}	definite start date	1641 JL
Duke of Lennox (1581)	Peerage of Scotland	Aristocratic	{{Cite wp fact|Duke of Lennox}}	definite start date	1581 JL
Earl of March (1619)	Peerage of England	Aristocratic	{{Cite wp fact|Earl of March}}	definite start date	1619 JL
Earl of Moray (1562)	Peerage of Scotland	Aristocratic	{{Cite wp fact|Earl of Moray}}	definite start date	1562 JL
Lord Ochiltree (1543)	Peerage of Scotland	Aristocratic	{{Cite wp fact|Lord Ochiltree}}	definite start date	1543 JL
Earl of Carrick (1628)	Peerage of Scotland	Aristocratic	{{Cite wp fact|Earl of Carrick}}	definite start date	1628 JL
Earl of Traquair (1633)	Peerage of Scotland	Aristocratic	{{Cite wp fact|Earl of Traquair}}	definite start date	1633 JL
Baron Stourton (1448)	Peerage of England	Aristocratic	{{Cite wp fact|Baron Stourton}}	definite start date	1448 JL
Duke of Gloucester (1659)	Peerage of England	Aristocratic	{{Cite wp fact|Duke of Gloucester}}	definite start date	1659 JL
Lord Duffus (1650)	Peerage of Scotland	Aristocratic	{{Cite wp fact|Lord Duffus}}	definite start date	1650 JL
Baron Dudley (1440)	Peerage of England	Aristocratic	{{Cite wp fact|Baron Dudley}}	definite start date	1440 JL
Baron Lexinton (1645)	Peerage of England	Aristocratic	{{Cite wp fact|Baron Lexinton}}	definite start date	1645 JL
Viscount Carlingford (1627)	Peerage of Ireland	Aristocratic	{{Cite wp fact|Viscount Carlingford}}	definite start date	1627 JL
Viscount Taaffe (1628)	Peerage of Ireland	Aristocratic	{{Cite wp fact|Viscount Taaffe}}	definite start date	1628 JL
Earl of Carlingford (1661)	Peerage of Ireland	Aristocratic	{{Cite wp fact|Earl of Carlingford}}	definite start date	1661 JL
Earl of Waterford (1446)	Peerage of Ireland	Aristocratic	{{Cite wp fact|Earl of Waterford}}	definite start date	1446 JL
Earl of Shrewsbury (1442)	Peerage of England	Aristocratic	{{Cite wp fact|Earl of Shrewsbury}}	definite start date	1442 JL
Baron Townshend (1661)	Peerage of England	Aristocratic	{{Cite wp fact|Baron Townshend}}	definite start date	1661 JL
Viscount Tracy (1643)	Peerage of Ireland	Aristocratic	{{Cite wp fact|Viscount Tracy}}	definite start date	1643 JL
Viscount Dungannon (1662)	Peerage of Ireland	Aristocratic	{{Cite wp fact|Viscount Dungannon}}	definite start date	1662 JL
Earl of Castlehaven (1616)	Peerage of Ireland	Aristocratic	{{Cite wp fact|Earl of Castlehaven}}	definite start date	1616 JL
Earl of Thanet (1628)	Peerage of England	Aristocratic	{{Cite wp fact|Earl of Thanet}}	definite start date	1628 JL
Earl of Carbery (1628)	Peerage of Ireland	Aristocratic	{{Cite wp fact|Earl of Carbery}}	definite start date	1628 JL
Baron Vaux of Harrowden (1523)	Peerage of England	Aristocratic	{{Cite wp fact|Baron Vaux of Harrowden}}	definite start date	1523 JL
Earl of Anglesey (1623)	Peerage of England	Aristocratic	{{Cite wp fact|Earl of Anglesey}}	definite start date	1623 JL
Duke of Buckingham (1623)	Peerage of England	Aristocratic	{{Cite wp fact|Duke of Buckingham}}	definite start date	1623 JL
Viscount Grandison (1621)	Peerage of Ireland	Aristocratic	{{Cite wp fact|Viscount Grandison}}	definite start date	1621 JL
Viscount Purbeck (1618)	Peerage of England	Aristocratic	{{Cite wp fact|Viscount Purbeck}}	definite start date	1618 JL
Baron de Ros (1264)	Peerage of England	Aristocratic	{{Cite wp fact|Baron de Ros}}	definite start date	1264 JL
Countess of Buckingham (1618)	Peerage of England	Aristocratic	{{Cite wp fact|Earl of Buckingham}}	definite start date	1618 JL
Baron Ward (1644)	Peerage of England	Aristocratic	{{Cite wp fact|Baron Ward}}	definite start date	1644 JL
Baron Rockingham (1645)	Peerage of England	Aristocratic	{{Cite wp fact|Baron Rockingham}}	definite start date	1645 JL
Earl of Wemyss (1633)	Peerage of Scotland	Aristocratic	{{Cite wp fact|Earl of Wemyss}}	definite start date	1633 JL
Lord Wemyss of Elcho (1628)	Peerage of Scotland	Aristocratic	{{Cite wp fact|Lord Wemyss of Elcho}}	definite start date	1628 JL
Viscount Wenman (1628)	Peerage of Ireland	Aristocratic	{{Cite wp fact|Viscount Wenman}}	definite start date	1628 JL
Baron Wentworth (1529)	Peerage of England	Aristocratic	{{Cite wp fact|Baron Wentworth}}	definite start date	1529 JL
Earl of Cleveland (1626)	Peerage of England	Aristocratic	{{Cite wp fact|Earl of Cleveland}}	definite start date	1626 JL
Viscount Wentworth (1628)	Peerage of England	Aristocratic	{{Cite wp fact|Thomas Wentworth, 1st Earl of Strafford}}	definite start date	1628 JL
Earl of Strafford (1640)	Peerage of England	Aristocratic	{{Cite wp fact|Earl of Strafford}}	definite start date	1640 JL
Baron Wentworth (1529)	Peerage of England	Aristocratic	{{Cite wp fact|Baron Wentworth}}	definite start date	1529 JL
Earl of Strafford (1641)	Peerage of England	Aristocratic	{{Cite wp fact|Earl of Strafford}}	definite start date	1641 JL
Baron De La Warr (1570)	Peerage of England	Aristocratic	{{Cite wp fact|Baron De La Warr}}	definite start date	1570 JL
Earl of Portland (1633)	Peerage of England	Aristocratic	{{Cite wp fact|Earl of Portland}}	definite start date	1633 JL
Baron Weston (1628)	Peerage of England	Aristocratic	{{Cite wp fact|Baron Weston}}	definite start date	1628 JL
Baron Wharton (1545)	Peerage of England	Aristocratic	{{Cite wp fact|Baron Wharton}}	definite start date	1545 JL
Baron Widdrington (1643)	Peerage of England	Aristocratic	{{Cite wp fact|Baron Widdrington}}	definite start date	1643 JL
Baron Willoughby of Parham (1547)	Peerage of England	Aristocratic	{{Cite wp fact|Baron Willoughby of Parham}}	definite start date	1547 JL
Viscount Wilmot (1621)	Peerage of Ireland	Aristocratic	{{Cite wp fact|Viscount Wilmot}}	definite start date	1621 JL
Earl of Rochester (1652)	Peerage of England	Aristocratic	{{Cite wp fact|Earl of Rochester}}	definite start date	1652 JL
Viscount Powerscourt (1665)	Peerage of Ireland	Aristocratic	{{Cite wp fact|Viscount Powerscourt}}	definite start date	1665 JL
Viscount Powerscourt (1618)	Peerage of Ireland	Aristocratic	{{Cite wp fact|Viscount Powerscourt}}	definite start date	1618 JL
Earl of Southampton (1547)	Peerage of England	Aristocratic	{{Cite wp fact|Earl of Southampton}}	definite start date	1547 JL
Viscount Mansfield (1620)	Peerage of England	Aristocratic	[[Cokayne - Complete Peerage (1st edition)]], volume 5, p. [https://archive.org/details/completepeerage01cokahrish/page/n215 214].	definite start date	1620 JL
Viscount Cranborne (1604)	Peerage of England	Aristocratic	[[Cokayne - Complete Peerage (1st edition)]], volume 2, p. [https://archive.org/details/completepeerage01cokahrish/page/n399 400].	definite start date	1604 JL
Baron Grey of Groby (1603)	Peerage of England	Aristocratic	[[Cokayne - Complete Peerage (1st edition)]], volume 4, p. https://archive.org/details/completepeerage04cokahrish/page/n95/mode/2up 98].	definite start date	1603 JL
Baron Clinton (1299)	Peerage of England	Aristocratic	[[Cokayne - Complete Peerage (1st edition)]], volume 2, p. [https://archive.org/details/completepeerage02cokahrish/page/n303/mode/2up 304].	definite start date	1299 JL
